symbol,date,monthly_ret
AAPL,2023-02-28,0.023182729976995553
AAPL,2023-03-31,0.11864873223967831
AAPL,2023-04-30,0.028987498476525042
AAPL,2023-05-31,0.04605813015653237
AAPL,2023-06-30,0.09433000881984066
AAPL,2023-07-31,0.012785552250111909
AAPL,2023-08-31,-0.0423837685074846
AAPL,2023-09-30,-0.08867852321054748
AAPL,2023-10-31,-0.002569669356503268
AAPL,2023-11-30,0.1137800248264913
AAPL,2023-12-31,0.013582496186768322
GOOG,2023-01-31,-0.4798779752614962
GOOG,2023-02-28,-0.09582437042976744
GOOG,2023-03-31,0.15171622834463605
GOOG,2023-04-30,0.04057692527007273
GOOG,2023-05-31,0.13999275523217425
GOOG,2023-06-30,-0.01945372235617393
GOOG,2023-07-31,0.10035538911322961
GOOG,2023-08-31,0.03185353808753555
GOOG,2023-09-30,-0.04004379093975685
GOOG,2023-10-31,-0.049677762894332456
GOOG,2023-11-30,0.06879504517240642
GOOG,2023-12-31,0.05234458289765187
MSFT,2023-01-31,0.7226681869238716
MSFT,2023-02-28,0.009017871542994937
MSFT,2023-03-31,0.15588140919128501
MSFT,2023-04-30,0.06576517560188178
MSFT,2023-05-31,0.07110543332422381
MSFT,2023-06-30,0.036998705229263074
MSFT,2023-07-31,-0.013566776892363297
MSFT,2023-08-31,-0.022225532948512594
MSFT,2023-09-30,-0.036642641126582776
MSFT,2023-10-31,0.07081527149339162
MSFT,2023-11-30,0.12294550139049587
MSFT,2023-12-31,-0.00757432363678745
TSLA,2023-01-31,-0.5295234729208849
TSLA,2023-02-28,0.18756497670132144
TSLA,2023-03-31,0.008507121398494633
TSLA,2023-04-30,-0.20799193945263272
TSLA,2023-05-31,0.2411295460159617
TSLA,2023-06-30,0.28362672689273194
TSLA,2023-07-31,0.021622049507798113
TSLA,2023-08-31,-0.034962443852926794
TSLA,2023-09-30,-0.030455617484936637
TSLA,2023-10-31,-0.1973463537763216
TSLA,2023-11-30,0.19537943740621855
TSLA,2023-12-31,0.03498831153123483
