date,symbol,Open,High,Low,close,Volume
2023-01-03,AAPL,127.99538262842435,128.6045053870652,121.99252821247748,122.87674713134766,112117500
2023-01-04,AAPL,124.66480852480814,126.40377333508329,122.88655176574262,124.14410400390625,89113600
2023-01-05,AAPL,124.90060516942826,125.5293813261351,122.57217104073682,122.82760620117188,80962700
2023-01-06,AAPL,123.80024463429882,128.00518029343567,122.69988266566685,127.34693145751953,87754700
2023-01-09,AAPL,128.182025548878,131.07047089671403,127.61219486879021,127.86763000488281,70790800
2023-01-10,AAPL,127.9757103650532,128.958174020526,125.87323874198964,128.43746948242188,63896200
2023-01-11,AAPL,128.94836939344688,131.1687321095965,128.17222961380043,131.1490936279297,69458900
2023-01-12,AAPL,131.53228540334834,131.90561153013712,129.13507083953922,131.07052612304688,71379600
2023-01-13,AAPL,129.71468306570503,132.55400260182785,129.35117628841525,132.3968048095703,57809700
2023-01-17,AAPL,132.4656016206527,134.88245427698436,131.77787992946924,133.55613708496094,63646600
2023-01-18,AAPL,134.42069543585905,136.1792989256054,132.6620769549058,132.83892822265625,69672800
2023-01-19,AAPL,131.72876893688178,133.86071392112063,131.42420750930626,132.8979034423828,58280400
2023-01-20,AAPL,132.90770800117681,135.59966433835268,131.86629872212012,135.45228576660156,80223600
2023-01-23,AAPL,135.6979103035641,140.80673462294286,135.48176704430378,138.63548278808594,81760300
2023-01-24,AAPL,137.84949253259393,140.64952034187644,137.83967329148908,140.0305633544922,66435100
2023-01-25,AAPL,138.41932337339787,139.93231102042415,136.37579688239575,139.372314453125,65799300
2023-01-26,AAPL,140.65933109437518,141.72039372676826,139.41159795380088,141.43548583984375,54105100
2023-01-27,AAPL,140.64951214628343,144.64813175929368,140.57091324840124,143.3709259033203,70555800
2023-01-30,AAPL,142.41796049282078,142.99761054282715,140.34496125408572,140.49232482910156,64015300
2023-01-31,AAPL,140.19759064122545,141.80883078137197,139.78495761656453,141.75970458984375,65874500
2023-02-01,AAPL,141.44531098955775,144.03901475780756,138.84178798038548,142.87969970703125,77663600
2023-02-02,AAPL,146.2888426135127,148.52885870656533,145.57164829200897,148.17518615722656,118339000
2023-02-03,AAPL,145.4341223704264,154.62016535520215,145.23763259886508,151.79066467285156,154357300
2023-02-06,AAPL,149.89447943002094,150.4151839414419,148.1358611817687,149.06919860839844,69858300
2023-02-07,AAPL,147.99834440627268,152.50784959474223,147.99834440627268,151.93801879882812,83322600
2023-02-08,AAPL,151.18155633442086,151.86927809622603,148.51907245296283,149.25592041015625,64120100
2023-02-09,AAPL,151.08326181502397,151.62361983119905,147.78218328763404,148.2242889404297,56007100
2023-02-10,AAPL,147.0632318137508,148.9130734935689,146.8270751036462,148.58836364746094,57450700
2023-02-13,AAPL,148.52935383999073,151.78627208132363,148.49983612289876,151.3828582763672,62199000
2023-02-14,AAPL,149.68057287811524,151.30412220458746,148.44078385852455,150.74325561523438,61707600
2023-02-15,AAPL,150.6547103127393,153.0063833860837,150.42840282421838,152.839111328125,65573800
2023-02-16,AAPL,151.04826665403036,153.82305157694913,150.8908438680814,151.2450714111328,68167900
2023-02-17,AAPL,149.90692418842454,150.54649479465752,148.43097816102596,150.1037139892578,59144100
2023-02-21,AAPL,147.79138776370112,148.87375415444836,146.0300988341385,146.09896850585938,58867200
2023-02-22,AAPL,146.4826819914061,147.54536466728035,144.80011234851025,146.5220489501953,51011300
2023-02-23,AAPL,147.68310298099968,147.92909389742377,144.87881554222116,147.00416564941406,48394200
2023-02-24,AAPL,144.75092512234477,144.8296440334222,143.38321594733068,144.3573455810547,55469600
2023-02-27,AAPL,145.3413038601465,146.7778826433076,145.08546365545737,145.5479278564453,44998500
2023-02-28,AAPL,144.69185403745792,146.68929899478212,144.47538083886278,145.04608154296875,50547000
2023-03-01,AAPL,144.47542675230628,144.8690063216874,142.6846051791963,142.97979736328125,55479000
2023-03-02,AAPL,142.0646965175798,144.3573339453376,141.59238308918532,143.57015991210938,52238100
2023-03-03,AAPL,145.6660203114201,148.68679692265323,144.96741429678426,148.6080780029297,70732300
2023-03-06,AAPL,151.32379221822697,153.79355106354063,150.99909736370918,151.3631591796875,87558000
2023-03-07,AAPL,151.23522972088062,151.55993956940895,148.7064506179963,149.16891479492188,56182000
2023-03-08,AAPL,150.35949790258118,151.00891757952724,149.39521763366128,150.4185333251953,47204800
2023-03-09,AAPL,151.09746808583355,152.0617483379844,147.8208670608722,148.1750946044922,53833600
2023-03-10,AAPL,147.80120650188752,148.5194958597798,145.242894659562,146.11862182617188,68572400
2023-03-13,AAPL,145.43968998615728,150.6842189540097,145.33145336527863,148.05703735351562,84457100
2023-03-14,AAPL,148.85401542944305,150.94001350209345,147.69294556307145,150.14300537109375,73695900
2023-03-15,AAPL,148.76549840164833,150.79246155107444,147.51586009545082,150.53663635253906,77167900
2023-03-16,AAPL,149.71995500240442,153.9510028988609,149.20828955550553,153.3507843017578,76161100
2023-03-17,AAPL,153.57707174404283,154.22649145558808,151.80593390078133,152.51438903808594,98944600
2023-03-20,AAPL,152.58327776546486,155.28917828804447,151.67801783277878,154.8759002685547,73641400
2023-03-21,AAPL,154.7971931327365,156.84382463636302,154.02968755125636,156.7257537841797,73938300
2023-03-22,AAPL,156.7454392443716,159.53989288471735,155.27932775015748,155.29901123046875,75701800
2023-03-23,AAPL,156.28299079055427,158.95937384680835,155.15142327717084,156.38137817382812,67622100
2023-03-24,AAPL,156.31249715364865,157.76875944157217,155.31869907440637,157.68020629882812,59196500
2023-03-27,AAPL,157.37518971960662,158.19188156427322,155.33837722493854,155.74180603027344,52390300
2023-03-28,AAPL,155.4367781198492,155.94844355059743,153.47868455836303,155.1219024658203,45992200
2023-03-29,AAPL,156.81429056205513,158.46735739062942,156.79462209814082,158.1918487548828,51305700
2023-03-30,AAPL,158.9396407990746,159.86456899517702,158.68381566542436,159.75633239746094,49501700
2023-03-31,AAPL,159.8350728342002,162.3540176143248,159.31357325147573,162.255615234375,68749800
2023-04-03,AAPL,161.6357239671043,163.6233198649464,161.586522778444,163.5052490234375,56976200
2023-04-04,AAPL,163.92838412805693,164.16452584406122,162.4622725801105,162.97393798828125,46278300
2023-04-05,AAPL,162.09822184489292,162.40324825832465,159.20536551321473,161.13392639160156,51511700
2023-04-06,AAPL,159.8252353547828,162.31467762112032,159.40213812085784,162.0194854736328,45390100
2023-04-10,AAPL,158.8314373555464,159.43165588378906,157.51292944566782,159.43165588378906,47716900
2023-04-11,AAPL,159.7465367378167,159.75637097122245,157.93603184667685,158.2213897705078,47644200
2023-04-12,AAPL,158.6346426672523,159.4611686435216,157.21773241416443,157.53260803222656,50133100
2023-04-13,AAPL,159.03807402297244,163.14120127307194,158.83143501847854,162.90504455566406,68445600
2023-04-14,AAPL,161.9506163702145,163.6528847449455,161.19297496954,162.56068420410156,49386500
2023-04-17,AAPL,162.44258319038994,162.7377753387549,161.39958394505072,162.58033752441406,41516200
2023-04-18,AAPL,163.43642945073645,164.72541991249665,162.9936336312071,163.8004913330078,49923000
2023-04-19,AAPL,163.14122346923992,165.4633789570219,162.885383237049,164.94187927246094,47720200
2023-04-20,AAPL,163.42655222639002,165.17800667808302,162.90505258707114,163.97756958007812,52456400
2023-04-21,AAPL,162.40325123756864,163.78079474740133,161.85223383363555,162.3737335205078,58337300
2023-04-24,AAPL,162.35400113354166,162.9443853251193,161.26180088898863,162.6787109375,41949600
2023-04-25,AAPL,162.54096443175132,163.64299896057264,161.10437083745688,161.14373779296875,48714100
2023-04-26,AAPL,160.44515464932056,162.62955575633885,160.18932943478703,161.13392639160156,45498800
2023-04-27,AAPL,162.54100085037314,165.85695442572842,162.54100085037314,165.70936584472656,64902300
2023-04-28,AAPL,165.78809511844986,167.12628672150765,165.18787649470852,166.95899963378906,55275900
2023-05-01,AAPL,166.56538074727197,167.71661652166532,165.93564455408003,166.8704071044922,52472900
2023-05-02,AAPL,167.3623966257795,167.6182368189597,164.85328597063295,165.83724975585938,48425700
2023-05-03,AAPL,166.78188428598025,168.17911124939818,164.47941231869004,164.76475524902344,65136000
2023-05-04,AAPL,162.24578626436005,164.36130237503923,161.67508547315035,163.13134765625,81235400
2023-05-05,AAPL,168.23814318555767,171.50491053581004,168.02166992672903,170.78662109375,113453200
2023-05-08,AAPL,169.7140651629481,171.06210572406735,169.35000337616833,170.71771240234375,55962800
2023-05-09,AAPL,170.27494492179522,170.7570775926942,168.84820036158354,169.01547241210938,45326900
2023-05-10,AAPL,170.24543004162442,171.23922812803062,169.14338031673282,170.77676391601562,53724500
2023-05-11,AAPL,171.06211698775132,171.79024060925457,169.40904995436452,170.96371459960938,49514700
2023-05-12,AAPL,171.07208510437357,171.50563041723674,168.49053896760506,170.03750610351562,45533100
2023-05-15,AAPL,170.6188460048669,170.66811525184778,168.95364468701064,169.5448455810547,37266700
2023-05-16,AAPL,169.46601779285794,170.5991352991019,169.27880367524853,169.5448455810547,42110300
2023-05-17,AAPL,169.19013234108013,170.39221479568312,167.91905489711874,170.15574645996094,57951600
2023-05-18,AAPL,170.46119076780954,172.6683237371227,170.04735615510018,172.48110961914062,65496700
2023-05-19,AAPL,173.80142270664055,173.80142270664055,172.37270490292832,172.5894775390625,55809500
2023-05-22,AAPL,171.42681253611994,172.14611049896482,170.90459157041087,171.64358520507812,43570900
2023-05-23,AAPL,170.58927970470205,170.83561089353927,168.76642289336164,169.0423126220703,50747300
2023-05-24,AAPL,168.57921320123526,169.8896969643689,168.01758589409968,169.31820678710938,45143500
2023-05-25,AAPL,169.87983433539839,171.34795850917342,169.17039935195018,170.45132446289062,56058300
2023-05-26,AAPL,170.77650880236848,173.19055165787438,170.56958397024448,172.85552978515625,54835000
2023-05-30,AAPL,174.36308277683443,176.36329091292328,173.978806707213,174.69808959960938,55964400
2023-05-31,AAPL,174.72764675708407,176.71800704198733,174.16600441023556,174.64881896972656,99625300
2023-06-01,AAPL,175.09221783191245,177.47670209655325,174.33351350934285,177.4471435546875,68901800
2023-06-02,AAPL,178.37335293714096,179.11234656032465,176.62932377666553,178.29452514648438,61996900
2023-06-05,AAPL,179.9498694414483,182.23581511366768,175.42721727327233,176.9446258544922,121946500
2023-06-06,AAPL,177.32891962025158,177.476712338109,174.8261860088602,176.580078125,64848400
2023-06-07,AAPL,175.82139167098399,178.55074607277277,174.71783250558175,175.2104949951172,61944600
2023-06-08,AAPL,175.2892895872439,178.18614713091944,174.85575927069235,177.9201202392578,50214900
2023-06-09,AAPL,178.83646640490514,179.5557493602978,177.97923856717878,178.3043975830078,48900000
2023-06-12,AAPL,178.60984190485868,181.19138823156914,178.31424143935143,181.0928497314453,54274900
2023-06-13,AAPL,180.1173932820357,181.44757286544584,179.7626757194867,180.61990356445312,54929100
2023-06-14,AAPL,180.67902853230473,181.68406417583662,179.3488488908818,181.25051879882812,57462900
2023-06-15,AAPL,181.26036948430115,183.78279874291368,181.08300318978328,183.2802734375,65433200
2023-06-16,AAPL,183.98968846409701,184.245882524342,181.56579797087073,182.2062530517578,101256200
2023-06-20,AAPL,181.70376647980103,183.3689679486228,181.70376647980103,182.29495239257812,49799100
2023-06-21,AAPL,182.18653808363035,182.68906332243637,179.91044034391143,181.26034545898438,49515700
2023-06-22,AAPL,181.0435838743865,184.3050065515812,180.97460392176268,184.2557373046875,51245300
2023-06-23,AAPL,182.8270228675936,184.8075203379306,182.29493904669715,183.9404296875,53117000
2023-06-26,AAPL,184.08825189117624,185.29034946556595,182.51172604562308,182.5511474609375,48088700
2023-06-27,AAPL,183.16204815111053,185.6253604426876,182.94527546666254,185.30020141601562,50730800
2023-06-28,AAPL,185.1721116449177,187.11320300977505,184.84696764032918,186.47274780273438,51216800
2023-06-29,AAPL,186.30522898461155,187.2807060224463,186.16728410364277,186.8077392578125,46347300
2023-06-30,AAPL,188.81778728912292,191.62595381515632,188.45320690668942,191.12344360351562,85213200
2023-07-03,AAPL,190.9362564156046,191.03479491877454,188.94589592351636,189.63563537597656,31458200
2023-07-05,AAPL,188.75866963191964,190.14796610334872,187.82259909124357,188.52218627929688,46920300
2023-07-06,AAPL,187.05407174607458,189.20208780415717,186.42346442381324,188.9951629638672,45094300
2023-07-07,AAPL,188.601042385603,189.84254634486774,187.4482140588147,187.88174438476562,46815000
2023-07-10,AAPL,186.48257243692333,187.20187038994513,184.29515010539157,185.8421173095703,59922200
2023-07-11,AAPL,186.3840685065736,186.52201339622226,183.8616390759319,185.31991577148438,46638100
2023-07-12,AAPL,186.89638625272656,188.88674640306317,185.7041517573503,186.98507690429688,60750200
2023-07-13,AAPL,187.70439854991048,188.38427515496102,186.994963399846,187.74380493164062,41342300
2023-07-14,AAPL,187.4383302857117,188.37438582770977,186.8471444335954,187.89158630371094,41616200
2023-07-17,AAPL,189.08383285312058,191.46833222271863,188.99515722491665,191.14317321777344,50520200
2023-07-18,AAPL,190.51254970289233,191.4781637647375,189.5961898515042,190.886962890625,48288200
2023-07-19,AAPL,190.26622781119138,195.32093388898534,189.82281961650222,192.23687744140625,80507300
2023-07-20,AAPL,192.22701989757815,193.58677299126168,189.67503216410122,190.29579162597656,59581200
2023-07-21,AAPL,191.25158128475522,192.10880919119532,188.42368841793873,189.12327575683594,71951700
2023-07-24,AAPL,190.57167418096722,192.04966138875844,189.4286937985748,189.92135620117188,45377800
2023-07-25,AAPL,190.49285737606127,191.58656857428397,190.08887057427083,190.77859497070312,37283200
2023-07-26,AAPL,190.82785426220883,192.7689453418544,190.48299959942145,191.6456756591797,47471900
2023-07-27,AAPL,193.1433729163405,194.30604897209747,189.72429463258098,190.38446044921875,47460200
2023-07-28,AAPL,191.8131659299023,193.7444090416655,191.29094501886246,192.95614624023438,48291400
2023-07-31,AAPL,193.1827862905988,193.60648379116893,192.39452340931743,193.5670623779297,38824100
2023-08-01,AAPL,193.3601546102926,193.842954166062,192.41423613585215,192.73939514160156,35175100
2023-08-02,AAPL,192.17775117305615,192.31569604997566,189.03457754647138,189.7538604736328,50389300
2023-08-03,AAPL,188.7586713954234,189.54691917513858,187.89158079590146,188.36453247070312,61235200
2023-08-04,AAPL,182.79747042079737,184.6301752435833,179.25029494609427,179.31927490234375,115956800
2023-08-07,AAPL,179.45723692919626,180.4425618735659,174.7473848978987,176.22537231445312,97576100
2023-08-08,AAPL,177.05300588853657,177.62449604499406,174.97397007455905,177.16139221191406,67823000
2023-08-09,AAPL,178.2156906972674,178.27480777933516,174.41233639065635,175.5750274658203,60378500
2023-08-10,AAPL,176.8460961883882,178.09746293161143,174.99369573264087,175.35826110839844,54686900
2023-08-11,AAPL,174.95373578240464,176.2363757071569,174.1940069392339,175.41744995117188,52036700
2023-08-14,AAPL,175.59504844195268,177.2920967961584,174.9438523177461,177.06517028808594,43675600
2023-08-15,AAPL,176.4929258073929,177.08491002448199,174.68734458769583,175.08200073242188,43622600
2023-08-16,AAPL,174.7662850202376,176.15745776554937,174.14468726786023,174.21376037597656,46964900
2023-08-17,AAPL,174.77615243783515,175.1412101505236,171.1649897406694,171.6780548095703,66062900
2023-08-18,AAPL,170.0007364455324,172.76337470680727,169.6652772069575,172.16151428222656,61172200
2023-08-21,AAPL,172.7337554755455,173.77960771425435,171.4215020828672,173.49346923828125,46311900
2023-08-22,AAPL,174.69719959083847,175.30892111024494,173.89801113995804,174.86492919921875,42038900
2023-08-23,AAPL,176.13770818549477,179.12727253692543,175.95024126986627,178.7030029296875,52722800
2023-08-24,AAPL,178.25900483655056,178.6832744289853,173.66118769058747,174.02626037597656,54945800
2023-08-25,AAPL,175.0129045232152,176.759273390786,173.473724817143,176.2264862060547,51449600
2023-08-28,AAPL,177.68674410027091,178.1800717356574,176.16730160755293,177.78541564941406,43820700
2023-08-29,AAPL,177.30194937146643,182.4325537749521,177.1046213280948,181.6629638671875,53003900
2023-08-30,AAPL,182.47203136515444,185.34320186637345,182.27470331859433,185.14585876464844,60813900
2023-08-31,AAPL,185.33336235534645,186.5962801694583,184.97816577917948,185.3629608154297,60794500
2023-09-01,AAPL,186.961330634287,187.38558521498553,185.76747101772168,186.93173217773438,45766500
2023-09-05,AAPL,185.76745412260553,187.44476508042712,185.10639689444145,187.1685028076172,45280000
2023-09-06,AAPL,185.88587535630464,186.32988234003622,179.04836051297525,180.46914672851562,81755800
2023-09-07,AAPL,172.84229174782251,175.8318715643951,171.22417743783686,175.19053649902344,112488800
2023-09-08,AAPL,175.96997548136457,177.83475336123297,175.4174358773743,175.80223083496094,65551300
2023-09-11,AAPL,177.6670388917848,177.89396541040293,174.97345890425444,176.9665069580078,58953100
2023-09-12,AAPL,177.09475937210624,177.72621814105926,172.48708107979573,173.94732666015625,90370200
2023-09-13,AAPL,174.15454941477398,174.93401565723292,171.65831231126361,171.88525390625,84267900
2023-09-14,AAPL,171.6780051777774,173.74998712440222,171.26361179948515,173.39479064941406,60895800
2023-09-15,AAPL,174.12492983939754,174.14466716160445,171.50043808217407,172.67454528808594,109259500
2023-09-18,AAPL,174.12494029407293,176.98624997924455,173.8190795297471,175.59506225585938,67257600
2023-09-19,AAPL,175.15104027243933,177.2328834055171,174.76624533576447,176.68035888671875,51826900
2023-09-20,AAPL,176.86781171431105,177.30194242582076,173.05932191129062,173.14813232421875,58436200
2023-09-21,AAPL,172.22071489897561,173.9473619674597,171.53992021743218,171.60897827148438,63149100
2023-09-22,AAPL,172.33909518451154,174.7169382879251,171.7273736602944,172.45748901367188,56725400
2023-09-25,AAPL,171.87536866413782,174.60840835340898,171.82603288281885,173.73028564453125,46172700
2023-09-26,AAPL,172.48711848209095,172.86203732750283,169.36928354767613,169.665283203125,64588900
2023-09-27,AAPL,170.31646332448594,170.7308568174817,166.79411110643792,168.1556854248047,66921800
2023-09-28,AAPL,167.08022534636603,169.7343308371659,165.38317681816312,168.41221618652344,56294400
2023-09-29,AAPL,169.7244355134215,170.7604265076125,168.06684691168314,168.9252471923828,51861100
2023-10-02,AAPL,168.93514418826848,171.97404472395215,168.64900568223578,171.43138122558594,52164500
2023-10-03,AAPL,169.96123409658216,171.31296207551728,168.54046313149794,170.099365234375,49594600
2023-10-04,AAPL,168.80687858022958,171.88525384459265,168.68848474300435,171.34259033203125,53020300
2023-10-05,AAPL,171.47083294671847,173.10868450108188,170.3756448658088,172.57589721679688,48527900
2023-10-06,AAPL,171.48072926712837,175.61481822954005,170.8689926183437,175.12149047851562,57266700
2023-10-09,AAPL,174.45053908507856,176.66065260372454,173.45402254968238,176.60145568847656,42390800
2023-10-10,AAPL,175.72336746855896,177.3217447145954,175.57536009622658,176.00949096679688,43698000
2023-10-11,AAPL,175.82198018511957,177.4499705441094,175.22999600880442,177.400634765625,47551100
2023-10-12,AAPL,177.6670488234186,179.90674578858014,176.6507798893927,178.2985076904297,56743100
2023-10-13,AAPL,178.99904528395493,179.5022341867499,175.76281633481818,176.46334838867188,51427100
2023-10-16,AAPL,174.39134016768617,176.69024903281087,174.15453745424634,176.33505249023438,52517000
2023-10-17,AAPL,174.29266779074965,176.03905203817294,172.467364361049,174.78599548339844,57549400
2023-10-18,AAPL,173.23694427289632,175.21025492862336,172.77321506438722,173.49346923828125,54764400
2023-10-19,AAPL,173.69080766680926,175.46679037407037,172.85215962113486,173.11856079101562,59302900
2023-10-20,AAPL,172.97051713050814,173.07904980247298,170.33614960754002,170.5729522705078,64244000
2023-10-23,AAPL,168.62928473640696,171.68790756499885,167.6623515662161,170.69139099121094,55980100
2023-10-24,AAPL,170.74070856198063,171.35243005141567,169.1620540054936,171.12550354003906,43816600
2023-10-25,AAPL,169.58633193718455,170.75057806188605,168.3727349771656,168.81674194335938,57157000
2023-10-26,AAPL,168.0964746462511,169.0930062294273,163.459197305812,164.6629180908203,70625300
2023-10-27,AAPL,164.68264263448572,166.70528904611524,164.60370840247674,165.97515869140625,58499100
2023-10-30,AAPL,166.76449089816728,168.8857938712959,166.61648356307745,168.0175323486328,51131000
2023-10-31,AAPL,167.09011614768582,168.61942013954004,165.65945361827133,168.4911651611328,44846000
2023-11-01,AAPL,168.71803982318505,171.9049319155105,167.84977842632566,171.64840698242188,56934900
2023-11-02,AAPL,173.17774724497193,175.40758286457637,173.11855033416663,175.2003936767578,77334800
2023-11-03,AAPL,171.91485064572058,174.46042350768224,171.0367278993792,174.2926788330078,79829200
2023-11-06,AAPL,174.02628274488598,177.0355696443862,173.85855313497558,176.83824157714844,63841300
2023-11-07,AAPL,176.7889073081916,180.00541354681909,176.58171810512866,179.39369201660156,70530000
2023-11-08,AAPL,179.91664500198718,181.00195707049215,179.1667771510238,180.44943237304688,49340300
2023-11-09,AAPL,180.51847829944086,181.6629871195562,179.3838155582821,179.97581481933594,53763500
2023-11-10,AAPL,181.75412225306079,184.32281184408907,181.3194195461175,184.15484619140625,66133400
2023-11-13,AAPL,183.58187642607092,183.7893386144101,181.9912676571252,182.57415771484375,43627500
2023-11-14,AAPL,185.43920547847273,185.8442707665973,184.05607409829287,185.18234252929688,60108400
2023-11-15,AAPL,185.58743724228927,187.217557704171,185.5182731248136,185.74549865722656,53790500
2023-11-16,AAPL,187.28668991537342,188.65994715340477,186.37775779056014,187.4250030517578,54412900
2023-11-17,AAPL,187.9584954748911,188.08693448765234,186.29873780998344,187.40524291992188,50922700
2023-11-20,AAPL,187.60280481288592,189.59847845797387,187.5929306882813,189.14401245117188,46505100
2023-11-21,AAPL,189.10452557023848,189.21320125507725,187.45464204586924,188.3437957763672,38134500
2023-11-22,AAPL,189.18356183514956,190.60620477415247,188.53150773289747,189.00572204589844,39617700
2023-11-24,AAPL,188.57099258448812,188.6006300326625,186.97051008307392,187.6818389892578,24048300
2023-11-27,AAPL,187.63248260157215,188.37344913120532,186.62476390027032,187.50404357910156,40552600
2023-11-28,AAPL,187.49413155220094,188.77847629228074,187.1187037624085,188.10665893554688,38415400
2023-11-29,AAPL,188.6006511365786,189.77632029571453,186.69390474066958,187.08908081054688,43014200
2023-11-30,AAPL,187.55341843722022,188.02764780463457,185.92329832735996,187.66209411621094,48794400
2023-12-01,AAPL,188.0375263099119,189.25270705783993,186.95076949469112,188.9365692138672,45704800
2023-12-04,AAPL,187.69170901814908,187.76087311237956,185.19218377665425,187.14833068847656,43389500
2023-12-05,AAPL,187.91897362196437,192.05849343193452,187.8893210956394,191.09030151367188,66628400
2023-12-06,AAPL,192.1079050949125,192.41416882595195,189.79609331061306,190.00357055664062,41089700
2023-12-07,AAPL,191.29776300970337,192.6512567588297,191.25823636118906,191.9300537109375,47477700
2023-12-08,AAPL,191.86091528323507,193.629363703371,191.33730018286,193.3527374267578,53406400
2023-12-11,AAPL,190.78404615931,191.15947399253523,189.11439931154695,190.8531951904297,60943700
2023-12-12,AAPL,190.75437444051195,192.37462021785012,189.41075488796335,192.36474609375,52696900
2023-12-13,AAPL,192.74021089300243,195.61516465825315,192.5031112505093,195.57565307617188,70404200
2023-12-14,AAPL,195.63490356313392,197.21562292408947,193.79730618821,195.72381591796875,66831600
2023-12-15,AAPL,195.1507962246044,196.01031245444227,194.62718115642724,195.19032287597656,128538400
2023-12-18,AAPL,193.7281513997374,194.26165570440122,192.04863040265064,193.5305633544922,55751900
2023-12-19,AAPL,193.79729775296602,194.57777573643529,193.5305456250714,194.56790161132812,40714100
2023-12-20,AAPL,194.5283816611859,195.2989855460905,192.4833221435547,192.4833221435547,52242800
2023-12-21,AAPL,193.73803856316968,194.70623052718972,191.16934877699248,192.3351287841797,46482500
2023-12-22,AAPL,192.829067964765,193.05630849032943,190.6456956495467,191.2681121826172,37149600
2023-12-26,AAPL,191.27801448490152,191.55464074590694,190.5074106042434,190.72476196289062,28919300
2023-12-27,AAPL,190.17150836602553,191.16933772508392,188.78836199381533,190.82354736328125,48087700
2023-12-28,AAPL,191.80163510638113,192.31537606668746,190.84331729052167,191.24838256835938,34049900
2023-12-29,AAPL,191.56450759639273,192.05848519728596,189.42064661751613,190.2110137939453,42672100
2023-01-03,MSFT,235.90726682667218,238.4984794551215,230.39486293780934,232.5105438232422,25740000
2023-01-04,MSFT,225.4259564644858,225.99854338319813,219.2924526600918,222.3397979736328,50623400
2023-01-05,MSFT,220.4958596008794,220.83553784778456,215.21637883212745,215.75015258789062,39585600
2023-01-06,MSFT,216.4198034707522,219.09835714227594,212.87751216247153,218.2928466796875,43613600
2023-01-09,MSFT,219.76800002138827,224.41666688908288,219.7291868413214,220.41822814941406,27369800
2023-01-10,MSFT,221.0393352972296,224.48458614807703,220.62203068917864,222.09718322753906,27033900
2023-01-11,MSFT,224.4651868072137,228.98768506870852,224.29050527854426,228.81300354003906,28669300
2023-01-12,MSFT,228.3180220940589,232.821105949786,226.6681880812586,231.4721221923828,27269500
2023-01-13,MSFT,230.0066742453539,232.30673624907553,227.98804849183014,232.17086791992188,21333300
2023-01-17,MSFT,230.948051370512,233.80130107166906,230.0940134168222,233.25782775878906,29831300
2023-01-18,MSFT,234.4418522484385,235.22794870990262,228.57037036509706,228.851806640625,30028700
2023-01-19,MSFT,226.88168988104673,228.57035182284125,223.87315781209423,225.08627319335938,28623000
2023-01-20,MSFT,227.92987337817524,233.63637412295736,227.59019507344655,233.1317138671875,35389800
2023-01-23,MSFT,233.98570310784828,237.93559913009912,232.57847740404011,235.42202758789062,31934000
2023-01-24,MSFT,235.34439747923588,236.75160844059997,233.3451855854794,234.89796447753906,40234400
2023-01-25,MSFT,227.5610395748184,236.1207891156233,224.08667522306712,233.51016235351562,66526600
2023-01-26,MSFT,236.46045082013288,240.9829486422917,234.85914439539755,240.68209838867188,33454500
2023-01-27,MSFT,241.6428822092,242.45809218411858,239.54661529494882,240.83737182617188,26498900
2023-01-30,MSFT,237.2950461370833,238.35289390582483,235.0532114900021,235.5481719970703,25867400
2023-01-31,MSFT,236.26636386768823,240.63357952072695,235.78111768401726,240.49771118164062,26541100
2023-02-01,MSFT,240.68207771157887,247.6502049501311,238.22673350670416,245.2919158935547,31259900
2023-02-02,MSFT,251.18282257259764,256.8796075980904,249.65914256333582,256.7922668457031,39940400
2023-02-03,MSFT,251.8815727441677,256.4040702889057,249.5135692294624,250.7266845703125,29077300
2023-02-06,MSFT,249.84355651391297,250.67816573061054,247.26204327207444,249.1933135986328,22518000
2023-02-07,MSFT,252.84235731907512,260.83920438047807,252.40562393796253,259.6649169921875,50841400
2023-02-08,MSFT,265.13852274513965,268.59347315321855,258.35476105655573,258.85943603515625,54686000
2023-02-09,MSFT,265.7207756113508,265.89548673151216,255.04536048337422,255.84117126464844,42375100
2023-02-10,MSFT,253.81285255852234,256.2973105018647,252.96852898785733,255.33653259277344,25818500
2023-02-13,MSFT,259.742590569191,266.49720913120274,259.26702917112374,263.3139953613281,44630900
2023-02-14,MSFT,264.6242233380636,266.85634441272913,261.33423929408957,264.13897705078125,37047900
2023-02-15,MSFT,261.0547258535999,263.3994740205076,258.972656227329,262.02764892578125,28922400
2023-02-16,MSFT,256.87118053744996,259.51753291113,254.80858804011677,255.05181884765625,29603600
2023-02-17,MSFT,252.36654467181947,253.04757304733442,249.06832101285343,251.07254028320312,30000100
2023-02-21,MSFT,247.58949511011687,248.57215705654002,244.7777476181148,245.82850646972656,28397400
2023-02-22,MSFT,247.21003358389876,247.45326436545926,243.56157186049097,244.69989013671875,22491100
2023-02-23,MSFT,248.64024584758673,249.88558633204974,243.69779430491118,247.87164306640625,29219100
2023-02-24,MSFT,243.19186174048357,244.20369522047608,241.38222420199676,242.47189331054688,24990900
2023-02-27,MSFT,245.62418557007777,245.97443849874284,242.63730436651332,243.38645935058594,21190000
2023-02-28,MSFT,242.3259744546454,244.68044668021838,241.99516930320846,242.66648864746094,22491000
2023-03-01,MSFT,243.9701913432016,244.13558648881542,239.1347623459425,239.60177612304688,27565300
2023-03-02,MSFT,239.87423280619296,244.59290171146822,238.95968256617152,244.31076049804688,24808200
2023-03-03,MSFT,245.3614953141732,248.69861464364337,244.58315381318207,248.37754821777344,30760100
2023-03-06,MSFT,249.48670630896015,253.07679554061426,249.04889380779935,249.914794921875,24109800
2023-03-07,MSFT,249.36018084473946,250.71255821742662,246.528985881538,247.26840209960938,21473200
2023-03-08,MSFT,247.16138722750551,247.64784879607657,244.0188496513126,246.83059692382812,17340200
2023-03-09,MSFT,248.8932070956166,252.53193017156482,244.76800759955387,245.48797607421875,26653400
2023-03-10,MSFT,244.28153159617614,245.94522176909533,240.89576339451983,241.85894775390625,28333900
2023-03-13,MSFT,240.701198918384,250.9266314715002,239.07641892091627,247.04466247558594,33339700
2023-03-14,MSFT,249.79806490605014,254.00110081635123,248.9321637364231,253.7286834716797,33620300
2023-03-15,MSFT,252.94053423822598,259.2645337884642,252.19136451987217,258.252685546875,46028000
2023-03-16,MSFT,258.0289586598438,269.07164313641664,256.1512239726221,268.7214050292969,54768800
2023-03-17,MSFT,270.7256186044692,275.65831665347815,268.8381452248547,271.8639221191406,69527400
2023-03-20,MSFT,269.4802718017387,269.96673338942173,262.5433248107774,264.85888671875,43466600
2023-03-21,MSFT,267.4371343013886,267.5538803349331,262.2222505034053,266.3669128417969,34558700
2023-03-22,MSFT,265.9971973475459,273.43034485869043,264.81022985408475,264.9172668457031,34873300
2023-03-23,MSFT,270.41426299778846,273.44977847868375,267.7484630649204,270.141845703125,36610900
2023-03-24,MSFT,269.73317213434575,273.0313954676099,267.826251303453,272.9730224609375,28172000
2023-03-27,MSFT,272.90492269572303,273.8389205347129,268.0597550905618,268.896484375,26840200
2023-03-28,MSFT,268.32248351379377,268.6630125541161,264.68373074732534,267.77764892578125,21878600
2023-03-29,MSFT,271.4066545555062,273.5276497515444,270.87155865821495,272.9147033691406,25087000
2023-03-30,MSFT,276.53394388967973,276.7576972006701,273.8584053599599,276.3587951660156,25053400
2023-03-31,MSFT,276.0474474143603,281.4374193382453,275.3372029511124,280.4936828613281,32766000
2023-04-03,MSFT,278.761931454292,280.46454697415277,276.26154151333856,279.4527282714844,24883300
2023-04-04,MSFT,279.45268618193273,282.5854994542806,277.9349286652677,279.4040222167969,25824300
2023-04-05,MSFT,278.1100534490355,279.37484150873803,275.25939610333745,276.64093017578125,22064800
2023-04-06,MSFT,275.54153732325625,284.1713602969535,274.3934952141327,283.7043762207031,29770300
2023-04-10,MSFT,281.3791115118309,281.75856581319096,277.00095709388467,281.55426025390625,23103000
2023-04-11,MSFT,278.0127931758795,278.2365761916983,274.0140932371224,275.1718444824219,27276600
2023-04-12,MSFT,277.07878271017614,279.2386732168352,274.32539366289427,275.81396484375,27403400
2023-04-13,MSFT,275.9112355229667,282.0503774003979,275.50262448189994,281.99200439453125,24222700
2023-04-14,MSFT,279.22891147364464,280.6688482565068,276.00853859815146,278.3922119140625,20987900
2023-04-17,MSFT,282.07960200286976,283.7043967289592,278.4116924129814,280.9801940917969,23836200
2023-04-18,MSFT,283.6751943988744,283.86005216252715,279.23866745372095,280.56182861328125,20161800
2023-04-19,MSFT,278.2462667608946,281.22340905975057,276.8355460862607,280.6396789550781,17150300
2023-04-20,MSFT,277.5262765736857,281.20392420443534,277.3608666050033,278.36297607421875,23244400
2023-04-21,MSFT,277.2928296281938,278.51869257683563,275.3956176560884,278.02252197265625,21676400
2023-04-24,MSFT,274.45190651995864,277.234482358,271.173160031667,274.14056396484375,26611000
2023-04-25,MSFT,271.9417767926592,273.9751827450711,267.9138604386518,267.9625244140625,45772200
2023-04-26,MSFT,288.6663495624961,291.4586346304273,284.80384294642164,287.3723449707031,64599200
2023-04-27,MSFT,287.9560271426598,296.9361172975543,287.25552138127716,296.57611083984375,46462600
2023-04-28,MSFT,295.77839869337646,300.56516432614853,295.0973405603856,298.9403991699219,36469600
2023-05-01,MSFT,298.65820207273595,300.2440714597597,296.887474923344,297.286376953125,21294100
2023-05-02,MSFT,299.42684782678805,300.8083821173536,295.681087639922,297.1404724121094,26404400
2023-05-03,MSFT,298.3176355367741,300.25374274084976,295.8561416167109,296.1577453613281,22360800
2023-05-04,MSFT,297.94798558856564,299.42684782678805,295.1848873161754,297.1404724121094,22519900
2023-05-05,MSFT,297.442082171176,303.5228521768905,296.03133165334634,302.23858642578125,28197100
2023-05-08,MSFT,301.7326615616671,301.8007733081372,297.8020437181864,300.292724609375,21318600
2023-05-09,MSFT,299.66033160181695,301.6451031506541,298.0160890953245,298.6874084472656,21340800
2023-05-10,MSFT,300.2635487654328,304.52495706862396,299.33928955394174,303.8536376953125,30078000
2023-05-11,MSFT,301.7034867589505,302.695857722587,297.9674652772338,301.71319580078125,31680200
2023-05-12,MSFT,302.14133179180067,302.23863006419236,298.2983024080732,300.6041259765625,19774700
2023-05-15,MSFT,300.7305724404115,301.50889913783726,299.26144888091557,301.080810546875,16336500
2023-05-16,MSFT,301.4407550392499,305.2157014683238,301.4407550392499,303.2990417480469,26730300
2023-05-17,MSFT,304.49844392680916,306.58503594078644,302.9870982202375,306.165771484375,24315000
2023-05-18,MSFT,306.68249676156313,311.07998209113083,305.89270858681226,310.57293701171875,27276000
2023-05-19,MSFT,308.8372836549044,310.7971433987786,308.476519967082,310.3973693847656,27546700
2023-05-22,MSFT,310.6509186565906,314.54135841802827,310.0756427593572,313.1665344238281,24115700
2023-05-23,MSFT,312.04526511786804,314.66815212283035,307.3845270869392,307.394287109375,30797200
2023-05-24,MSFT,306.8774884337067,308.6033161721185,304.8103574976606,306.0194396972656,23384900
2023-05-25,MSFT,315.1751430242443,318.7438294879401,312.0159906409768,317.7882995605469,43301700
2023-05-26,MSFT,315.935693050292,325.0816668912498,315.7992015223041,324.58441162109375,36630600
2023-05-30,MSFT,326.8660707233384,327.3633260629456,322.27356311731285,322.94635009765625,29503100
2023-05-31,MSFT,323.9993748636306,327.5583014347169,319.16310540886235,320.1966857910156,45950600
2023-06-01,MSFT,317.7980580790412,325.2084444667975,316.6182558412687,324.2821350097656,26773900
2023-06-02,MSFT,325.9104976467162,329.07941048845686,324.2529005654924,327.03179931640625,25873800
2023-06-05,MSFT,326.8562818593042,330.11294548453895,326.31025620693947,327.5583190917969,21307100
2023-06-06,MSFT,326.9635018339944,327.00251216553283,323.8823700342451,325.35467529296875,20396200
2023-06-07,MSFT,323.37532887108034,326.1444673202271,314.45362725824225,315.3116760253906,40717100
2023-06-08,MSFT,315.85770223750364,318.4903491637824,315.28242630303987,317.144775390625,23277700
2023-06-09,MSFT,316.8815191818162,321.7567696311191,316.3160032224107,318.6366271972656,22529000
2023-06-12,MSFT,320.381970960897,323.8141665946219,317.04731605133065,323.5704040527344,24260300
2023-06-13,MSFT,326.1249647437929,328.572349691123,322.14677395783576,325.949462890625,22951300
2023-06-14,MSFT,325.9982202996805,330.58096729872784,324.50639495848685,328.9233703613281,26003800
2023-06-15,MSFT,329.0598905688736,341.1114945004108,328.78687775426107,339.4149169921875,38899100
2023-06-16,MSFT,342.55453717316414,342.70078870657477,333.4183243934552,333.788818359375,46552000
2023-06-20,MSFT,330.84423422142726,333.54511218147553,327.48029960440283,329.61566162109375,26375400
2023-06-21,MSFT,327.97752820350655,329.3036115330344,323.78482556024073,325.2376403808594,25117800
2023-06-22,MSFT,325.783726576518,331.6340270315193,325.0231887076145,331.2342529296875,23556800
2023-06-23,MSFT,326.01771828331994,329.5279043913859,325.13044892910204,326.6612548828125,23146900
2023-06-26,MSFT,325.39367934124914,327.7240333118318,320.29415725203825,320.40142822265625,21520600
2023-06-27,MSFT,323.58006632131827,327.76303899280276,321.0839407974331,326.22247314453125,24354100
2023-06-28,MSFT,326.31017783033235,329.54735038907535,325.4813795282947,327.4704895019531,20259500
2023-06-29,MSFT,326.35903826648905,327.7241025708121,324.32118695571927,326.6905517578125,16997000
2023-06-30,MSFT,329.32315064368396,334.17891054970244,328.78688502474677,332.0435485839844,26832800
2023-07-03,MSFT,330.727231395335,332.394558661991,328.1726050055835,329.5571594238281,12508700
2023-07-05,MSFT,326.7295145394102,333.12584042536054,326.3785108077479,329.7131652832031,18172400
2023-07-06,MSFT,328.8842999586327,334.43233594271175,327.12922214467216,332.7552490234375,28161200
2023-07-07,MSFT,330.8539769415479,333.26235165945616,328.5918537740865,328.8063659667969,21214800
2023-07-10,MSFT,326.25171917261997,326.86600540201454,319.4166095021663,323.5508117675781,32791400
2023-07-11,MSFT,322.80007207810127,324.55515029230673,318.84137119543414,324.1748962402344,26698200
2023-07-12,MSFT,328.201859758283,333.12585071299276,327.2950703339859,328.7868957519531,29995300
2023-07-13,MSFT,331.0879653631058,335.16366709536976,330.5614300476907,334.1106262207031,20567200
2023-07-14,MSFT,338.91765538868515,342.661844143398,335.7194923009407,336.62628173828125,28352700
2023-07-17,MSFT,337.0552945851425,338.33260777182664,333.66213945063294,337.10406494140625,20363900
2023-07-18,MSFT,337.2015639773949,357.6288755346599,333.63290678637566,350.520751953125,64738600
2023-07-19,MSFT,352.7243922804998,353.4166695562891,343.6466777511621,346.2207946777344,39732900
2023-07-20,MSFT,344.74842283159865,349.03863672095343,336.7530012262202,338.215576171875,33778400
2023-07-21,MSFT,340.438643967474,341.5599453265858,331.3511723630361,335.19287109375,69405400
2023-07-24,MSFT,337.2210384138867,338.2643490243122,333.76935318489967,336.4994812011719,26678100
2023-07-25,MSFT,338.4495845575855,343.11035203179654,336.46050402116185,342.2230529785156,41637700
2023-07-26,MSFT,332.92106736693563,336.07048951280683,324.7988843745913,329.3426208496094,58383700
2023-07-27,MSFT,331.9850338749244,332.8138025679025,320.8401897883476,322.4685363769531,39635300
2023-07-28,MSFT,325.3450162475602,331.5268310003181,324.8574911431833,329.927734375,28484900
2023-07-31,MSFT,328.51383777853505,329.2743755389443,325.04263262807757,327.5387878417969,25446000
2023-08-01,MSFT,326.82706253525544,330.0934864927497,325.374247332057,327.9483642578125,18311900
2023-08-02,MSFT,325.3059183538415,325.3059183538415,318.2172862001048,319.328857421875,27761300
2023-08-03,MSFT,317.8663510212776,321.6495503895118,317.81761041591994,318.5098876953125,18253700
2023-08-04,MSFT,323.5995783751702,326.7782506968959,319.0753323772253,319.60186767578125,23741500
2023-08-07,MSFT,320.1772016181311,322.84882941223,319.34840306884576,321.873779296875,17741500
2023-08-08,MSFT,318.80227692345045,320.5476244116673,314.94108801511345,317.91497802734375,22327600
2023-08-09,MSFT,318.324602002666,318.9486185830014,313.0398174565163,314.1903991699219,22373300
2023-08-10,MSFT,317.88582607311884,320.06995855318496,313.16658711260004,314.8729248046875,20113700
2023-08-11,MSFT,312.269445103178,314.3657961322113,311.24562500330785,313.000732421875,24355500
2023-08-14,MSFT,313.37132372944086,315.974690482468,312.09398089474894,315.9552001953125,18836100
2023-08-15,MSFT,314.9410999147791,316.9789505199591,312.8934892891786,313.82952880859375,16966300
2023-08-16,MSFT,313.4583447502476,316.9955245713373,312.48123017207456,313.0675048828125,20698900
2023-08-17,MSFT,313.20426358487214,314.50381263909213,308.9733414603899,309.6280212402344,21257200
2023-08-18,MSFT,307.29270464284144,311.0936940527994,304.4199858602723,309.2371826171875,24755000
2023-08-21,MSFT,310.65393646381676,315.3831660095472,309.784320258957,314.5135498046875,24040000
2023-08-22,MSFT,318.0507277854862,318.61744100027846,314.1031773769701,315.0802917480469,16084600
2023-08-23,MSFT,316.40920172771865,321.66608212966844,316.05742502712076,319.51641845703125,21166400
2023-08-24,MSFT,325.23254709942444,325.35957674760573,312.6375276630827,312.6473083496094,23281400
2023-08-25,MSFT,314.11298756039173,317.9139473148537,311.5040788241883,315.58843994140625,21684100
2023-08-28,MSFT,318.20700554926117,318.68578195249006,314.35717331736856,316.2918701171875,14808500
2023-08-29,MSFT,314.51357886440167,321.45109687018396,314.51357886440167,320.8941345214844,19284600
2023-08-30,MSFT,321.1481929412585,322.26208781651366,318.97899784822044,321.26544189453125,15222100
2023-08-31,MSFT,321.6661110110973,323.33696848625215,319.3014807588833,320.2590637207031,26411000
2023-09-01,MSFT,323.7277749745022,324.3922056211829,319.3014478601216,321.138427734375,14942000
2023-09-05,MSFT,321.47067530997464,327.18680118433525,321.13845995330405,325.9165344238281,18553900
2023-09-06,MSFT,325.7504897024178,326.80576041342283,322.62371086677473,325.2619323730469,17535800
2023-09-07,MSFT,323.7082861250948,325.4572996917217,321.4999977101508,322.35986328125,18381000
2023-09-08,MSFT,322.5357246617766,328.46681688735,321.9201377501079,326.62005615234375,19530100
2023-09-11,MSFT,329.5220931094113,330.6751109123213,327.75351820340376,330.2060852050781,16583300
2023-09-12,MSFT,328.13454656577954,329.08234867340195,323.89387388585794,324.1772155761719,17565500
2023-09-13,MSFT,323.7278160398698,329.1410389438137,323.59103551016267,328.3691101074219,16544400
2023-09-14,MSFT,331.388322477558,333.05917964974554,328.86738060055865,330.9486389160156,20267000
2023-09-15,MSFT,329.2094292987057,329.6784251727831,322.10578782450574,322.6627502441406,37679800
2023-09-18,MSFT,320.2981230556272,322.8386267343985,318.8910757818205,321.529296875,16834200
2023-09-19,MSFT,318.7053464649678,321.85165532971325,317.08333334148705,321.1285705566406,16505900
2023-09-20,MSFT,321.9690173569062,322.0471733986375,313.17498661327795,313.42901611328125,21436500
2023-09-21,MSFT,311.95356654433346,317.9041899225686,307.79104947595397,312.2173767089844,35560400
2023-09-22,MSFT,313.96639594173394,314.0934255806642,308.9147015377864,309.7550354003906,21447900
2023-09-25,MSFT,309.34464808220946,310.39994834578414,307.7910397456029,310.2729187011719,17836000
2023-09-26,MSFT,307.918083681108,308.650919524038,302.92501329864484,304.99652099609375,26297600
2023-09-27,MSFT,305.1528159801847,307.1070447852302,302.6025617027996,305.6316223144531,19410100
2023-09-28,MSFT,303.8728115871533,308.2600757204857,302.3680768122536,306.4621887207031,19683600
2023-09-29,MSFT,310.478154923174,312.15879317799545,307.7715582965106,308.52392578125,24147300
2023-10-02,MSFT,309.04173366618016,314.523360821819,307.96690188868587,314.4353942871094,20570000
2023-10-03,MSFT,313.4875679533543,314.03477939534076,304.0877331522798,306.2178649902344,21033500
2023-10-04,MSFT,306.84323355961436,312.71570064039577,306.8139213204077,311.660400390625,20720100
2023-10-05,MSFT,311.78742886180316,312.65707498694155,307.6933171593875,312.0512390136719,16965600
2023-10-06,MSFT,309.30558981860264,321.6563316821838,309.06131118825493,319.7705078125,25673600
2023-10-09,MSFT,317.31787385142707,322.7408463729551,315.78379722001137,322.2718505859375,19891200
2023-10-10,MSFT,323.38579530400693,323.5226056424412,320.17111018080624,320.8746337890625,20557100
2023-10-11,MSFT,323.6300480505899,325.20321772099476,321.60744393030456,324.8123779296875,20063200
2023-10-12,MSFT,323.00471335948436,325.99468102864705,321.1970457612764,323.5812072753906,19313100
2023-10-13,MSFT,324.7733126546174,326.19011074612195,318.8910644547027,320.229736328125,21072400
2023-10-16,MSFT,323.47367526332005,328.4472132631376,323.03399172229655,325.0273132324219,22158000
2023-10-17,MSFT,322.0471280716989,325.8285559881701,319.91702585909127,324.4606018066406,18338500
2023-10-18,MSFT,324.88074324116036,327.909803713785,320.78663169696983,322.5552062988281,23153600
2023-10-19,MSFT,324.54851006231695,329.1702714544596,323.336897867666,323.7375183105469,25052100
2023-10-20,MSFT,324.1283854502297,324.32382025517603,318.0018889823848,319.1939697265625,25027700
2023-10-23,MSFT,318.0214287466955,325.1152889172781,316.96615830256553,321.7833251953125,24374700
2023-10-24,MSFT,323.71800459686386,324.24565474799095,320.1026990318568,322.96563720703125,31153600
2023-10-25,MSFT,337.1239893295993,338.2770069491987,329.8933489527061,332.8735656738281,55053800
2023-10-26,MSFT,332.7465382675552,333.8115893601042,319.45777677753637,320.38604736328125,37828500
2023-10-27,MSFT,322.8679522434815,329.0140110865285,320.88441090808146,322.26214599609375,29856500
2023-10-30,MSFT,325.77974409067264,331.6815239306809,324.235886505314,329.5904846191406,22828100
2023-10-31,MSFT,331.0952162716641,331.241777466002,327.0304168400943,330.37213134765625,20265300
2023-11-01,MSFT,332.01371654234873,339.46910432501784,331.8769062105877,338.1499938964844,28158800
2023-11-02,MSFT,339.29318001958046,340.8467882699962,336.87970636333785,340.3484802246094,24348100
2023-11-03,MSFT,341.62851616542054,346.27959030223104,339.38113512943426,344.7259521484375,23637700
2023-11-06,MSFT,345.36110615399525,349.3575005821622,345.2633887474612,348.37060546875,23828300
2023-11-07,MSFT,351.1749086935178,354.16487636600215,349.4454269438777,352.279052734375,25833900
2023-11-08,MSFT,353.40270657525184,355.54258936078696,352.2985626023582,354.887939453125,26767800
2023-11-09,MSFT,354.00847284569846,356.44150755023384,352.1128688580119,352.4353332519531,24847300
2023-11-10,MSFT,353.2171111454846,361.63008249841977,352.8067397541227,361.2099304199219,28042100
2023-11-13,MSFT,359.7930334339709,360.0373120121586,357.52612107178936,358.28826904296875,19986500
2023-11-14,MSFT,362.5192275200011,363.4377174527681,358.9429851939613,361.796142578125,27683900
2023-11-15,MSFT,363.51938712911283,365.3307238214912,359.4365366374243,361.94305419921875,26860100
2023-11-16,MSFT,363.2060393855787,368.48338982170065,362.4423444484434,368.3071594238281,27182300
2023-11-17,MSFT,365.8006186204478,366.5447423144695,359.3287982048387,362.1192321777344,40157000
2023-11-20,MSFT,363.4606399313925,370.95073116555085,363.24523724780994,369.5506286621094,52465100
2023-11-21,MSFT,367.8176632886869,368.35615509696635,363.3627506177611,365.2720031738281,28423100
2023-11-22,MSFT,370.0989155578587,371.8515087359404,367.13225084262217,369.9520568847656,23345300
2023-11-24,MSFT,369.44288626548433,370.0695230751344,367.2986899991627,369.5408020019531,10176600
2023-11-27,MSFT,368.9043706026068,372.68370265137486,368.33650717542696,370.69610595703125,22179200
2023-11-28,MSFT,370.4415726583984,374.994370396148,370.25554172918464,374.7006530761719,20453100
2023-11-29,MSFT,375.738494499301,376.2671856758015,369.5505906614915,370.9311218261719,28963400
2023-11-30,MSFT,370.578664516551,372.1452267516367,367.6218003340975,370.9898986816406,30554400
2023-12-01,MSFT,368.8848238631299,370.25555453657734,363.54872995472044,366.6818542480469,33040500
2023-12-04,MSFT,361.3849305128498,361.79613477265366,355.3145134346435,361.4241027832031,32063300
2023-12-05,MSFT,358.7903592232799,365.2817517868028,357.9776914107373,364.73345947265625,23065000
2023-12-06,MSFT,365.73209860202707,366.35870548187097,360.33726166675575,361.0911560058594,21182100
2023-12-07,MSFT,360.53317252493974,363.6858684513926,358.66309225095546,363.1963195800781,23118900
2023-12-08,MSFT,361.4828850941495,366.6329187107603,360.53315912391304,366.4077453613281,20154400
2023-12-11,MSFT,360.77790780370736,363.83268764840955,358.44765064841334,363.5389404296875,27708800
2023-12-12,MSFT,363.0983520859286,366.59373770012405,362.7164896784692,366.5545654296875,24838300
2023-12-13,MSFT,368.16024372357776,369.74640682649743,363.0199816736299,366.54473876953125,30955500
2023-12-14,MSFT,365.50696539591144,365.9475713192963,356.51885554826436,358.2812194824219,43277500
2023-12-15,MSFT,359.1819619943408,364.6159417445296,358.6238691889497,362.9808654785156,78502300
2023-12-18,MSFT,361.72753258798735,365.2033162735715,360.9736084957409,364.8606262207031,21802900
2023-12-19,MSFT,363.7249858043668,365.4580078125,362.1094806161989,365.4580078125,20603700
2023-12-20,MSFT,367.161590586535,368.1700598934919,362.785023231556,362.8731384277344,26316700
2023-12-21,MSFT,364.77259031859234,366.5839268091088,362.3052751851502,365.73211669921875,17708000
2023-12-22,MSFT,365.86921479028837,367.3378613138971,364.91948884316713,366.7503967285156,17107500
2023-12-26,MSFT,367.1615944273694,369.0610461329153,365.69294804965995,366.8287048339844,12673100
2023-12-27,MSFT,365.87900622442777,367.2203652351963,365.01739550459973,366.2510681152344,14905400
2023-12-28,MSFT,367.5238451750327,368.59105792655595,366.3391454974242,367.43572998046875,14327000
2023-12-29,MSFT,368.14072884940924,369.2764857473798,365.6734134446601,368.1799011230469,18730800
2023-01-03,GOOG,88.98714536421187,90.69100816654367,88.1847402886243,88.85836029052734,20738500
2023-01-04,GOOG,90.15606206494361,90.38389975970209,86.9761821627881,87.87763977050781,27046500
2023-01-05,GOOG,87.24365404064392,87.382339840107,85.74781999465304,85.95584869384766,23136100
2023-01-06,GOOG,86.54032028455022,87.6399059949982,84.76711456732156,87.33281707763672,26612600
2023-01-09,GOOG,88.35809494680885,89.97775607675524,87.74886752570953,87.96680450439453,22996700
2023-01-10,GOOG,85.9063347644373,88.63548274639936,85.88651818576389,88.4026870727539,22855600
2023-01-11,GOOG,89.21497824711408,91.58255263461476,88.89798106094102,91.39434051513672,25998800
2023-01-12,GOOG,91.53303062096728,91.75096761381062,89.72019933447167,91.0476303100586,22754200
2023-01-13,GOOG,90.66921486537584,92.10759454808127,90.07682617750174,91.92928314208984,18630700
2023-01-17,GOOG,91.90947361590179,92.09769332494625,89.98767359920465,91.29529571533203,22935800
2023-01-18,GOOG,92.0679579934433,92.70987293236342,90.54240671437998,90.91883850097656,19641600
2023-01-19,GOOG,90.53250250042741,93.51426229629675,90.52259421254753,93.02886199951172,28707700
2023-01-20,GOOG,95.04971556610224,98.48715839603555,95.0100975297043,98.34847259521484,53704800
2023-01-23,GOOG,98.19989765230554,100.4486033256861,97.82346577065817,100.26038360595703,31791800
2023-01-24,GOOG,98.61594279789314,100.14148659657545,97.77391215286569,98.27912902832031,27391400
2023-01-25,GOOG,96.28798667920529,96.80311184414239,94.36817463921253,95.82240295410156,31000900
2023-01-26,GOOG,97.35786620425031,98.27914058770389,95.91156586552503,98.2296142578125,24542100
2023-01-27,GOOG,98.12063224780337,100.62689244126406,98.04138106151147,99.76505279541016,29020400
2023-01-30,GOOG,97.81849887752816,98.47626259661239,96.60498675206664,97.03095245361328,24365100
2023-01-31,GOOG,96.9417950317521,98.97256321505976,96.8724521334728,98.93293762207031,22306800
2023-02-01,GOOG,98.80415653038904,101.23117318342346,97.49654214036654,100.47830200195312,26392600
2023-02-02,GOOG,105.7880092738863,107.7989609346144,105.54035497955408,107.7791519165039,46622600
2023-02-03,GOOG,102.53878781561836,107.00646591669134,102.33075911191999,104.23274230957031,36823400
2023-02-06,GOOG,101.72152265298743,103.71761566494783,101.2509810043121,102.49916076660156,25573000
2023-02-07,GOOG,102.65765778158605,107.6503693797524,102.5764264455838,107.02628326416016,33738800
2023-02-08,GOOG,101.72647670209874,102.60812535360805,97.53121250227443,99.06171417236328,73546000
2023-02-09,GOOG,99.59666095682637,99.66600386322186,92.97933730924582,94.56432342529297,97798600
2023-02-10,GOOG,94.84169592676011,96.10968483130799,93.64304992924812,93.96995544433594,49325300
2023-02-13,GOOG,94.11856612761039,94.455372433172,93.16757428166946,94.10865783691406,43116600
2023-02-14,GOOG,93.77182496154501,94.28199219958776,91.78068233319985,94.05909729003906,42513100
2023-02-15,GOOG,93.85107699057848,96.4266803521175,93.47464515301374,96.18893432617188,36964500
2023-02-16,GOOG,94.64356350923454,96.96160401472227,94.07891203550221,94.88130950927734,35642100
2023-02-17,GOOG,94.17797607874601,94.8515960711722,92.57317350795762,93.70247650146484,31095100
2023-02-21,GOOG,92.36514678754273,92.53850782287324,91.13678356009335,91.18631744384766,28367200
2023-02-22,GOOG,91.07140511245964,91.49341054328214,90.01739294521383,90.93866729736328,29891100
2023-02-23,GOOG,91.26555931390718,91.26555931390718,89.16545570074126,90.21550750732422,32423700
2023-02-24,GOOG,88.78902170716957,89.28433033390158,88.0262497474386,88.51165008544922,31295600
2023-02-27,GOOG,89.24469986611625,89.60132266252468,88.76920784277796,89.25460815429688,22724300
2023-02-28,GOOG,88.69987984543253,90.59195508415057,88.68006326574148,89.45275115966797,30546900
2023-03-01,GOOG,89.31405208649883,90.34428734331384,89.00695560931993,89.6607666015625,26323900
2023-03-02,GOOG,89.01686144796916,91.61228121095239,88.9277019706581,91.4438705444336,23328600
2023-03-03,GOOG,91.86983621643438,93.22698448949603,91.79059258505562,93.13782501220703,30242500
2023-03-06,GOOG,93.47464278698598,95.3964426390775,93.41520817145646,94.68319702148438,28288200
2023-03-07,GOOG,94.52470199758218,95.18841378204847,92.9634926828014,93.28643035888672,24101500
2023-03-08,GOOG,93.5192131856001,95.33699479457368,93.5192131856001,93.76191711425781,25395200
2023-03-09,GOOG,93.60341979227836,95.02000273115657,91.48845745133625,91.79059600830078,24438900
2023-03-10,GOOG,91.63209205269605,92.30571205874718,89.94804581647301,90.15607452392578,32850100
2023-03-13,GOOG,89.71523799623014,92.20663934023898,89.09610232311049,90.79996490478516,31508600
2023-03-14,GOOG,92.1967482092069,93.9402367053257,91.90946829648546,93.36567687988281,32303900
2023-03-15,GOOG,92.66232901087575,96.33751772619237,92.16702043644803,95.64408874511719,38367300
2023-03-16,GOOG,95.6639183432953,101.01325360950464,94.97048921303937,100.12169647216797,54499500
2023-03-17,GOOG,99.89383180205508,102.51896881430096,99.80467988449725,101.4986343383789,76140300
2023-03-20,GOOG,100.11177025293952,101.61751260584101,99.84430693854495,100.9736099243164,26033900
2023-03-21,GOOG,101.02315563076222,104.9658082543916,100.90427883389015,104.84693145751953,33122800
2023-03-22,GOOG,104.15350017764068,106.50126585121976,103.23222580525498,103.24213409423828,32336900
2023-03-23,GOOG,104.89646174945477,106.09609780813702,104.42096969388842,105.26299285888672,31385800
2023-03-24,GOOG,104.74786028221999,105.163925248846,103.757243085337,105.06485748291016,25236200
2023-03-27,GOOG,104.33179922212746,104.41105040897882,101.66703663727131,102.09300231933594,25393400
2023-03-28,GOOG,102.03357776600551,102.03357776600551,99.33909760992549,100.40896606445312,24913500
2023-03-29,GOOG,101.75619922819752,101.85525943589084,100.08205375428551,100.94389343261719,26148300
2023-03-30,GOOG,100.48819286421049,100.65659594363082,99.34898178036408,100.36931610107422,25009800
2023-03-31,GOOG,100.75567096542196,103.21240486055075,100.48820765625435,103.02418518066406,28108000
2023-04-03,GOOG,101.7066711011724,103.96527721875935,101.4193911921376,103.9256591796875,20719900
2023-04-04,GOOG,103.8563030878386,105.10448286962652,103.61855707724403,104.13368225097656,20377200
2023-04-05,GOOG,105.12429885153419,105.54035625717468,103.12522804278704,103.96527099609375,21864200
2023-04-06,GOOG,104.77758278741246,108.60136596172237,103.83154906138694,107.87821960449219,34684200
2023-04-10,GOOG,106.38238431706604,106.95694412753764,104.60917855856144,105.9465103149414,19741500
2023-04-11,GOOG,105.91679499368567,106.21398319303734,104.29218330159891,105.12430572509766,18721300
2023-04-12,GOOG,106.38237980559623,106.57753000207927,103.98508801119472,104.23274230957031,22761600
2023-04-13,GOOG,105.47101812945367,107.24917425088286,105.44130082167865,107.17488098144531,21650700
2023-04-14,GOOG,106.67957134794642,108.55183729803106,106.58050357922731,108.4329605102539,20758700
2023-04-17,GOOG,104.44078449826728,105.70877346041875,104.33181598828766,105.42149353027344,29043400
2023-04-18,GOOG,105.99603985661791,106.04557373948775,103.79686847464231,104.13368225097656,17641400
2023-04-19,GOOG,103.23717498908161,104.73300918041511,102.82607547360611,104.03462219238281,16732000
2023-04-20,GOOG,103.66810046315067,105.88510092075104,103.65819217410655,104.9063720703125,22515300
2023-04-21,GOOG,105.09458651364159,105.6394290558322,104.4952672750422,104.9162826538086,22379000
2023-04-24,GOOG,105.05496792062098,106.31304856896875,104.371439563609,105.77811431884766,21410900
2023-04-25,GOOG,105.60970587924142,106.43192001257862,103.57893748876954,103.62847137451172,31408100
2023-04-26,GOOG,104.56954105517299,106.01584114739812,102.30102693722127,103.46995544433594,37068200
2023-04-27,GOOG,104.24265759855544,108.1258754440047,103.44025247861914,107.35319519042969,38235200
2023-04-28,GOOG,106.78853245205691,107.27393274236552,105.04504414111227,107.20458984375,23957900
2023-05-01,GOOG,106.70928725558902,107.66027887190182,106.49135025976138,106.69937896728516,20926300
2023-05-02,GOOG,106.6498558595265,106.71919876412683,103.51950174828887,104.9856185913086,20343100
2023-05-03,GOOG,105.22336593894492,107.1154409642003,104.62899709805146,105.12430572509766,17116300
2023-05-04,GOOG,105.1639225738608,105.30260837327201,103.71761485232813,104.22283172607422,19780600
2023-05-05,GOOG,104.33181513665488,105.4413092483861,103.75626520790324,105.21841430664062,20710600
2023-05-08,GOOG,104.80233717780943,107.40270713719475,104.79738681298372,107.22439575195312,17266000
2023-05-09,GOOG,107.75934571628966,109.55731848475993,106.7142441912668,106.92723083496094,24782400
2023-05-10,GOOG,107.53149605039515,112.44495627118967,107.46215315130809,111.22649383544922,47533500
2023-05-11,GOOG,114.77289605770792,117.32868995054758,113.85162186646612,115.80313873291016,57115100
2023-05-12,GOOG,115.90220975529907,117.15038951500426,115.4564350485947,116.8135757446289,31293800
2023-05-15,GOOG,115.39699568116487,117.68036863282822,115.38709495077313,115.86258697509766,22107900
2023-05-16,GOOG,115.73380456114243,120.06279671126744,115.73380456114243,118.96321105957031,32370100
2023-05-17,GOOG,119.05238162230438,121.13267633949913,118.33913599176678,120.3401870727539,26659600
2023-05-18,GOOG,120.4194218154408,122.73746994348961,120.35007891524926,122.36103057861328,27014500
2023-05-19,GOOG,123.0346578764427,125.29227389565587,121.56854859729152,122.09357452392578,30268900
2023-05-22,GOOG,122.35113057192433,125.85791631193821,122.29168840154489,124.6889877319336,29760200
2023-05-23,GOOG,123.75781328369399,124.24321361976752,121.89545557542526,122.1332015991211,24477900
2023-05-24,GOOG,120.73641084656553,121.59825045450845,119.61701623121706,120.49866485595703,23087900
2023-05-25,GOOG,124.03517416328125,124.79795361172393,121.74685093357154,123.18324279785156,33812700
2023-05-26,GOOG,122.90091491640564,124.81775661738814,122.13318513993534,124.25310516357422,25154700
2023-05-30,GOOG,125.10503981599243,125.19419173105679,121.73694002039555,123.47052001953125,27230700
2023-05-31,GOOG,122.5393537058231,123.72809896867997,121.94498485329967,122.21245574951172,41548800
2023-06-01,GOOG,122.3412242794725,123.86677567540063,122.14310386246758,123.20306396484375,25017700
2023-06-02,GOOG,123.32193052155571,125.55577709763398,123.18324472109343,124.05499267578125,19367500
2023-06-05,GOOG,123.44079790137405,126.78908099119619,123.21295264207856,125.44184112548828,22672500
2023-06-06,GOOG,125.41214040912958,127.67075405294389,124.78805427204189,126.70985412597656,19450100
2023-06-07,GOOG,126.3779970667978,128.33447225024045,121.4793948964889,121.78649139404297,34179300
2023-06-08,GOOG,121.43481089448687,122.56907184271154,120.86520901663735,121.51901245117188,24815000
2023-06-09,GOOG,121.41005133125776,123.1188721842807,121.271365516782,121.71714782714844,20304500
2023-06-12,GOOG,122.23720159261838,123.57949117490408,121.2020084703982,123.18324279785156,22255700
2023-06-13,GOOG,124.4710588304923,124.67908754581516,122.68299439399232,123.26250457763672,19287700
2023-06-14,GOOG,122.63842226995591,123.61913126083181,121.01381053560814,123.21297454833984,24659600
2023-06-15,GOOG,122.71766620349834,124.97627995557372,121.98461153082506,124.60974884033203,24517100
2023-06-16,GOOG,125.51119434044871,125.51119434044871,122.62850226160668,122.89596557617188,56699200
2023-06-20,GOOG,122.37591082652777,124.00052258120192,121.67752382161324,122.68795013427734,22698000
2023-06-21,GOOG,122.07871327959325,122.25207431560399,119.72599739041362,120.12224578857422,22612000
2023-06-22,GOOG,119.52788314946761,122.77214865496528,118.47782370638572,122.707763671875,20781900
2023-06-23,GOOG,120.894929616873,122.28179527292784,120.71661821026868,121.86573028564453,29573100
2023-06-26,GOOG,120.32630084414197,121.56853251904523,117.87352738636088,117.97258758544922,23185000
2023-06-27,GOOG,116.73432844316498,118.77004711280364,115.81306169301082,117.89335632324219,27221700
2023-06-28,GOOG,116.85319578285849,120.13213606564162,116.49657301132697,119.94392395019531,19753100
2023-06-29,GOOG,118.96320816547343,119.77552147201877,118.09146780711042,118.88396453857422,18517500
2023-06-30,GOOG,119.96374608710555,120.88502042134824,119.74580908535634,119.83496856689453,23871800
2023-07-03,GOOG,119.19105648782359,119.88448547727552,118.58182905010446,119.42880249023438,13888300
2023-07-05,GOOG,118.9334994562491,122.21244755079375,118.9334994562491,121.47938537597656,17830300
2023-07-06,GOOG,119.50806920020263,120.01328613403254,118.13111177242764,119.79534912109375,17732500
2023-07-07,GOOG,119.75571928851035,120.60765073198117,118.9632224618087,119.01275634765625,20997700
2023-07-10,GOOG,117.95281568514315,117.95281568514315,115.5456150565561,115.7734603881836,32960100
2023-07-11,GOOG,115.66446933250768,117.11571993970175,114.7431950107436,116.60555267333984,18286600
2023-07-12,GOOG,118.18063006979224,119.82505062336493,117.88344189902399,118.49762725830078,22059600
2023-07-13,GOOG,120.39961337183841,124.15900376879436,119.92411379839217,123.65874481201172,31535900
2023-07-14,GOOG,123.95591739208201,125.89752603857954,123.72807968706212,124.52056884765625,20499800
2023-07-17,GOOG,124.87720628577027,126.08576052230214,123.33184581692478,123.88658905029297,20675300
2023-07-18,GOOG,123.73303524822497,123.81723679994752,122.14309893767148,122.91577911376953,21045800
2023-07-19,GOOG,123.61911810060245,124.29273808150839,121.32088655830144,121.62797546386719,22313800
2023-07-20,GOOG,120.97417257655177,123.52995915351264,117.57139742860676,118.4084701538086,27541700
2023-07-21,GOOG,119.73591077731537,120.16187650085963,117.9527966885696,119.18115997314453,56514600
2023-07-24,GOOG,120.78200090025031,122.19263586902922,120.24111868377832,120.7364273071289,22276100
2023-07-25,GOOG,120.73642834674882,122.52945071802773,120.38971381897993,121.63789367675781,31820800
2023-07-26,GOOG,129.13684937644874,130.13736723384093,127.50233716192945,128.44342041015625,46216900
2023-07-27,GOOG,130.56334242691815,132.34645630684622,127.9679152345047,128.6514434814453,35931600
2023-07-28,GOOG,129.74115591795893,132.81207575818314,129.69162202718994,131.7620086669922,26971000
2023-07-31,GOOG,131.76198570252512,132.57429904582148,130.89025286253175,131.86105346679688,18381900
2023-08-01,GOOG,129.627188812771,131.67281542322428,129.5231782557222,130.65248107910156,22154300
2023-08-02,GOOG,128.62174399942288,129.1963038356614,126.65041772853273,127.4330062866211,22705800
2023-08-03,GOOG,127.16553448776851,128.5524077392288,126.57612355894139,127.5617904663086,15018100
2023-08-04,GOOG,128.3839902285779,130.6921149140624,127.11104354778709,127.33392333984375,20521900
2023-08-07,GOOG,128.2948039067861,130.82088031295646,128.21555273187536,130.70201110839844,17621000
2023-08-08,GOOG,129.75103492313426,130.70203407354293,128.90901938354088,130.60296630859375,16836000
2023-08-09,GOOG,130.9497007247325,131.22707235401643,128.28989574515143,128.9288330078125,17745200
2023-08-10,GOOG,130.73176220185246,131.40241202777852,128.81492020479746,128.98828125,17855700
2023-08-11,GOOG,127.98973431560292,129.21612508242578,127.54197940034142,128.9486541748047,15205500
2023-08-14,GOOG,128.63166061958478,130.6723298100272,128.3740904512554,130.59307861328125,17526200
2023-08-15,GOOG,130.35530573842104,130.7515616635291,128.60092665424244,129.04769897460938,14769200
2023-08-16,GOOG,128.0669626439312,129.6697771773938,127.25466457614594,127.8985595703125,17548400
2023-08-17,GOOG,129.2260002924991,131.24785019737578,128.63163908981625,129.2359161376953,23665600
2023-08-18,GOOG,127.84905759078886,128.6118370920849,125.80838851061189,126.90797424316406,23627200
2023-08-21,GOOG,126.6504149836953,128.0471813880754,125.96689421466243,127.72027587890625,21851100
2023-08-22,GOOG,127.91841652168459,129.72133214383666,127.71533816172975,128.47315979003906,15557900
2023-08-23,GOOG,129.62227150036713,132.81206021257628,129.28545015193538,131.9601287841797,26497000
2023-08-24,GOOG,133.4628839711207,133.7036001939468,129.07741983949816,129.1962890625,18680400
2023-08-25,GOOG,128.91891790931004,130.16709010198554,126.83861580589912,129.46376037597656,20678100
2023-08-28,GOOG,130.84072373675738,131.9898433353611,129.6222687931378,130.55343627929688,16715500
2023-08-29,GOOG,131.75011223591184,136.00679159661297,131.7322758049666,134.21873474121094,30803300
2023-08-30,GOOG,134.29799289576513,135.96222268294392,133.7541328799369,135.6452178955078,21773400
2023-08-31,GOOG,135.7641063373974,137.10143064616634,135.5362685868286,136.06129455566406,28147900
2023-09-01,GOOG,137.13112944618425,137.27973109306936,134.66450233344906,135.5164337158203,16671600
2023-09-05,GOOG,135.15980574967176,136.0810724394843,134.28805782463942,135.42727661132812,17730200
2023-09-06,GOOG,135.72943858328787,136.19007203339427,133.42625621713438,134.09986877441406,15814300
2023-09-07,GOOG,133.33707967259514,135.2984974742499,132.70308527632196,134.92205810546875,16976000
2023-09-08,GOOG,134.59516639898237,136.22473607393488,134.59516639898237,135.91268920898438,17810700
2023-09-11,GOOG,136.09100900463957,136.9667173549305,135.26879483482438,136.4476318359375,17180800
2023-09-12,GOOG,135.84334099437157,136.34855032296872,134.65458826606488,134.7932891845703,15212900
2023-09-13,GOOG,134.62484560503202,136.40795924605294,133.66394589613785,136.2098388671875,16394900
2023-09-14,GOOG,137.0915366203308,138.24065639217233,135.77401371021233,137.6859130859375,19064600
2023-09-15,GOOG,137.49765841038618,138.05240157558237,135.89284840750565,137.00234985351562,48958800
2023-09-18,GOOG,136.33865100715312,138.61705849026902,136.33865100715312,137.6561737060547,16233600
2023-09-19,GOOG,136.95282972882046,137.8691536741805,136.20986681889917,137.5273895263672,15479100
2023-09-20,GOOG,137.52738601475198,137.53728674500857,133.2578283532554,133.32716369628906,21473500
2023-09-21,GOOG,131.14779102020984,131.94028768560122,129.85998582840094,130.12745666503906,22058400
2023-09-22,GOOG,130.44448236503771,131.76200522383408,129.28546190631178,130.01852416992188,17348700
2023-09-25,GOOG,129.54301260248351,130.97940448749364,128.80995044912356,130.92987060546875,14650000
2023-09-26,GOOG,129.6856654371149,130.1720558364626,126.98722507128885,128.2353973388672,20378800
2023-09-27,GOOG,128.22549621138975,130.48410227846742,128.1660615963013,130.22654724121094,18764200
2023-09-28,GOOG,129.46379616960567,132.92104137502687,129.46379616960567,131.8809051513672,18201400
2023-09-29,GOOG,132.82195665619318,133.6243541737195,130.08785861210004,130.61288452148438,23237300
2023-10-02,GOOG,130.91500804175138,134.08993781634936,130.82585612614085,133.90171813964844,19210400
2023-10-03,GOOG,133.66398176962144,133.97108582224357,131.56883590527895,132.04928588867188,19628700
2023-10-04,GOOG,132.4058978199694,135.28859748317626,132.17804498203125,134.9914093017578,22848000
2023-10-05,GOOG,134.85272083401819,135.21924435167315,133.19343404320912,134.7140350341797,15922900
2023-10-06,GOOG,133.67388182797617,137.88004446092162,133.67388182797617,137.42831420898438,20826700
2023-10-09,GOOG,136.69528961934208,138.65670768330773,135.41738481000968,138.1911163330078,16599100
2023-10-10,GOOG,138.20100983349926,139.4194799582939,137.1311413685093,137.8939208984375,19554900
2023-10-11,GOOG,138.53782014767333,140.8855780523298,138.5279043017716,140.37045288085938,20146300
2023-10-12,GOOG,140.82615847036712,141.0440954848037,138.14157894650953,138.97369384765625,18173100
2023-10-13,GOOG,139.33030921323473,140.01383752955854,136.67546225689128,137.2797393798828,19438700
2023-10-16,GOOG,138.41896558163893,139.5829440540689,138.01282393400928,139.17184448242188,17345600
2023-10-17,GOOG,138.71613031936417,139.9246845562857,137.22922195040533,139.66712951660156,17424000
2023-10-18,GOOG,139.42936825567105,140.65773900199736,137.40355793396554,137.97315979003906,18304900
2023-10-19,GOOG,138.48826230792318,139.68195762993864,137.29952490800093,137.6759490966797,21831200
2023-10-20,GOOG,137.28966440488801,137.7354392200974,134.96666534920968,135.45703125,24970300
2023-10-23,GOOG,134.95179573717493,137.7156265752255,133.84230915550012,136.6061248779297,20780700
2023-10-24,GOOG,137.85429850875798,139.38975825123777,137.44814181330872,138.80528259277344,26535200
2023-10-25,GOOG,128.55241075316619,128.8793162747686,124.9069312432284,125.48149108886719,58796100
2023-10-26,GOOG,123.30212621128915,124.28283513994877,121.17229768314184,122.28179168701172,33907400
2023-10-27,GOOG,122.86623539348146,123.2723920245926,120.3203497966644,122.24214935302734,37367700
2023-10-30,GOOG,123.29221702812825,125.36261092672758,122.71765723255432,124.57011413574219,24165600
2023-10-31,GOOG,125.08522087463763,125.37250074742582,122.76223006829747,124.12432861328125,21123400
2023-11-01,GOOG,124.16395950571554,126.54144236018726,123.75286000770987,126.37303924560547,26536600
2023-11-02,GOOG,128.34435095501908,128.86937681653197,126.90795916190609,127.37355041503906,24091700
2023-11-03,GOOG,127.87877023130085,129.5033818284643,127.7995190417296,129.14675903320312,19529400
2023-11-06,GOOG,128.99818921030413,130.32561279743314,128.7109017214411,130.21664428710938,15360400
2023-11-07,GOOG,130.74164221178742,132.02944748053457,129.90952746544033,131.15769958496094,19223800
2023-11-08,GOOG,131.11810927042882,132.28703045423012,130.91998882926495,132.00965881347656,15093600
2023-11-09,GOOG,132.1087205163419,132.70309692811955,130.27607250971087,130.4543914794922,17976500
2023-11-10,GOOG,130.29584903630732,133.01014497950894,129.6420382074491,132.80210876464844,20872900
2023-11-13,GOOG,132.10870628274628,132.85166915961034,131.52424578069497,132.38607788085938,16409900
2023-11-14,GOOG,134.37722350260213,135.95231641312452,133.83239610927498,134.15928649902344,22317300
2023-11-15,GOOG,135.35792733289907,135.5560477405973,134.0602212795145,135.10037231445312,15840900
2023-11-16,GOOG,135.67494105843042,137.57692430634432,134.8031930681127,137.3986053466797,17615100
2023-11-17,GOOG,136.52686881658678,136.70517265585826,134.20881309672586,135.65512084960938,25565300
2023-11-20,GOOG,134.22863882903837,137.12619733980026,134.21873809805422,136.6259307861328,19569400
2023-11-21,GOOG,136.6457387569179,137.66111533896438,136.41294311068427,137.31935119628906,17648100
2023-11-22,GOOG,137.79487169600367,139.77610628478521,137.69580392031648,138.70623779296875,17306400
2023-11-24,GOOG,138.23073321382248,138.36645637138452,136.1801632359065,136.92312622070312,8828600
2023-11-27,GOOG,136.2792229161765,138.3198920413351,136.24949049218026,136.7547149658203,17886400
2023-11-28,GOOG,136.33864984393287,137.35898434896907,135.7541742090445,137.31935119628906,17046900
2023-11-29,GOOG,137.6809147532368,138.3594850310132,135.01615240338026,135.1201629638672,21014700
2023-11-30,GOOG,135.1201940863547,135.67495247316987,131.54406501780983,132.66346740722656,29913500
2023-12-01,GOOG,132.069091796875,132.24739563661834,130.91203652213494,132.069091796875,24268000
2023-12-04,GOOG,130.062098652886,130.2166256221416,128.18585737480493,129.40432739257812,24117100
2023-12-05,GOOG,129.1467608921234,132.28701563544263,128.51276648204666,131.14781188964844,19235100
2023-12-06,GOOG,131.65301631566422,132.05917298455924,130.07793863750265,130.19680786132812,16360600
2023-12-07,GOOG,135.31830730269195,138.6863995307633,134.9517686824547,137.15093994140625,38419400
2023-12-08,GOOG,134.3871248501399,136.69526460038568,134.2979729352816,135.35792541503906,23016100
2023-12-11,GOOG,132.56440905714481,133.52529389347072,131.6431271447468,133.43614196777344,24502900
2023-12-12,GOOG,132.019554365271,133.27762728684888,131.58368039234514,132.38607788085938,26584000
2023-12-13,GOOG,133.282599346076,133.51539501014256,131.70256358444527,132.71299743652344,25414500
2023-12-14,GOOG,133.50551773817858,133.76803075735006,129.8303203541553,131.9502410888672,29619100
2023-12-15,GOOG,131.672847172221,133.56492980661625,131.3855748116135,132.58421325683594,58594000
2023-12-18,GOOG,132.60401402977848,137.08160783843798,132.5148621128663,135.90277099609375,25699800
2023-12-19,GOOG,136.70517722624174,137.46795672284853,136.16033472866548,136.8042449951172,20661000
2023-12-20,GOOG,139.01333645355365,141.73555405716266,138.10197029287892,138.34962463378906,33507300
2023-12-21,GOOG,139.4491633504404,140.69733536487283,139.1549529951402,140.46949768066406,18101500
2023-12-22,GOOG,140.79644456018505,141.90593112183532,140.7221361686718,141.3809051513672,18513500
2023-12-26,GOOG,141.6384830364413,142.59444039236922,141.16299087848824,141.47999572753906,11170100
2023-12-27,GOOG,141.489857089484,141.97526496116387,139.72754219049338,140.11289978027344,17288400
2023-12-28,GOOG,140.51905051749594,140.93510791178474,139.50663663358398,139.9543914794922,12192500
2023-12-29,GOOG,139.36002696282335,140.10794782082556,138.58734671990993,139.60768127441406,14881000
2023-01-03,TSLA,118.47000122070312,118.80000305175781,104.63999938964844,108.0999984741211,231402800
2023-01-04,TSLA,109.11000061035156,114.58999633789062,107.5199966430664,113.63999938964844,180389000
2023-01-05,TSLA,110.51000213623047,111.75,107.16000366210938,110.33999633789062,157986300
2023-01-06,TSLA,103.0,114.38999938964844,101.80999755859375,113.05999755859375,220911100
2023-01-09,TSLA,118.95999908447266,123.5199966430664,117.11000061035156,119.7699966430664,190284000
2023-01-10,TSLA,121.06999969482422,122.76000213623047,114.91999816894531,118.8499984741211,167642500
2023-01-11,TSLA,122.08999633789062,125.94999694824219,120.51000213623047,123.22000122070312,183810800
2023-01-12,TSLA,122.55999755859375,124.12999725341797,117.0,123.55999755859375,169400900
2023-01-13,TSLA,116.55000305175781,122.62999725341797,115.5999984741211,122.4000015258789,180714100
2023-01-17,TSLA,125.69999694824219,131.6999969482422,125.0199966430664,131.49000549316406,186477000
2023-01-18,TSLA,136.55999755859375,136.67999267578125,127.01000213623047,128.77999877929688,195680300
2023-01-19,TSLA,127.26000213623047,129.99000549316406,124.30999755859375,127.16999816894531,170291900
2023-01-20,TSLA,128.67999267578125,133.50999450683594,127.3499984741211,133.4199981689453,138858100
2023-01-23,TSLA,135.8699951171875,145.3800048828125,134.27000427246094,143.75,203119200
2023-01-24,TSLA,143.0,146.5,141.10000610351562,143.88999938964844,158699100
2023-01-25,TSLA,141.91000366210938,146.41000366210938,138.07000732421875,144.42999267578125,192734300
2023-01-26,TSLA,159.97000122070312,161.4199981689453,154.75999450683594,160.27000427246094,234815100
2023-01-27,TSLA,162.42999267578125,180.67999267578125,161.1699981689453,177.89999389648438,306590600
2023-01-30,TSLA,178.0500030517578,179.77000427246094,166.5,166.66000366210938,230878800
2023-01-31,TSLA,164.57000732421875,174.3000030517578,162.77999877929688,173.22000122070312,196813500
2023-02-01,TSLA,173.88999938964844,183.80999755859375,169.92999267578125,181.41000366210938,213806300
2023-02-02,TSLA,187.3300018310547,196.75,182.61000061035156,188.27000427246094,217448300
2023-02-03,TSLA,183.9499969482422,199.0,183.69000244140625,189.97999572753906,232662000
2023-02-06,TSLA,193.00999450683594,198.1699981689453,189.9199981689453,194.75999450683594,186188100
2023-02-07,TSLA,196.42999267578125,197.5,189.5500030517578,196.80999755859375,186010300
2023-02-08,TSLA,196.10000610351562,203.0,194.30999755859375,201.2899932861328,180673600
2023-02-09,TSLA,207.77999877929688,214.0,204.77000427246094,207.32000732421875,215431400
2023-02-10,TSLA,202.22999572753906,206.1999969482422,192.88999938964844,196.88999938964844,204754100
2023-02-13,TSLA,194.4199981689453,196.3000030517578,187.61000061035156,194.63999938964844,172475500
2023-02-14,TSLA,191.94000244140625,209.82000732421875,189.44000244140625,209.25,216455700
2023-02-15,TSLA,211.75999450683594,214.66000366210938,206.11000061035156,214.24000549316406,181006400
2023-02-16,TSLA,210.77999877929688,217.64999389648438,201.83999633789062,202.0399932861328,229586500
2023-02-17,TSLA,199.99000549316406,208.44000244140625,197.5,208.30999755859375,213738500
2023-02-21,TSLA,204.99000549316406,209.7100067138672,197.22000122070312,197.3699951171875,180018600
2023-02-22,TSLA,197.92999267578125,201.99000549316406,191.77999877929688,200.86000061035156,191828500
2023-02-23,TSLA,203.91000366210938,205.13999938964844,196.3300018310547,202.07000732421875,146360000
2023-02-24,TSLA,196.3300018310547,197.6699981689453,192.8000030517578,196.8800048828125,142228100
2023-02-27,TSLA,202.02999877929688,209.4199981689453,201.25999450683594,207.6300048828125,161028300
2023-02-28,TSLA,210.58999633789062,211.22999572753906,203.75,205.7100067138672,153144900
2023-03-01,TSLA,206.2100067138672,207.1999969482422,198.52000427246094,202.77000427246094,156852800
2023-03-02,TSLA,186.74000549316406,193.75,186.00999450683594,190.89999389648438,181500700
2023-03-03,TSLA,194.8000030517578,200.47999572753906,192.8800048828125,197.7899932861328,154193300
2023-03-06,TSLA,198.5399932861328,198.60000610351562,192.3000030517578,193.80999755859375,128100100
2023-03-07,TSLA,191.3800048828125,194.1999969482422,186.10000610351562,187.7100067138672,148125800
2023-03-08,TSLA,185.0399932861328,186.5,180.0,182.0,151897800
2023-03-09,TSLA,180.25,185.17999267578125,172.50999450683594,172.9199981689453,170023800
2023-03-10,TSLA,175.1300048828125,178.2899932861328,168.44000244140625,173.44000244140625,191488900
2023-03-13,TSLA,167.4600067138672,177.35000610351562,163.91000366210938,174.47999572753906,167790300
2023-03-14,TSLA,177.30999755859375,183.8000030517578,177.13999938964844,183.25999450683594,143717900
2023-03-15,TSLA,180.8000030517578,182.33999633789062,176.02999877929688,180.4499969482422,145995600
2023-03-16,TSLA,180.3699951171875,185.80999755859375,178.83999633789062,184.1300048828125,121136800
2023-03-17,TSLA,184.52000427246094,186.22000122070312,177.3300018310547,180.1300048828125,133197100
2023-03-20,TSLA,178.0800018310547,186.44000244140625,176.35000610351562,183.25,129684400
2023-03-21,TSLA,188.27999877929688,198.0,188.0399932861328,197.5800018310547,153391400
2023-03-22,TSLA,199.3000030517578,200.66000366210938,190.9499969482422,191.14999389648438,150376400
2023-03-23,TSLA,195.25999450683594,199.30999755859375,188.64999389648438,192.22000122070312,144193900
2023-03-24,TSLA,191.64999389648438,192.36000061035156,187.14999389648438,190.41000366210938,116312400
2023-03-27,TSLA,194.4199981689453,197.38999938964844,189.94000244140625,191.80999755859375,120851600
2023-03-28,TSLA,192.0,192.35000610351562,185.42999267578125,189.19000244140625,98654600
2023-03-29,TSLA,193.1300048828125,195.2899932861328,189.44000244140625,193.8800048828125,123660000
2023-03-30,TSLA,195.5800018310547,197.3300018310547,194.4199981689453,195.27999877929688,110252200
2023-03-31,TSLA,197.52999877929688,207.7899932861328,197.1999969482422,207.4600067138672,170222100
2023-04-03,TSLA,199.91000366210938,202.69000244140625,192.1999969482422,194.77000427246094,169545900
2023-04-04,TSLA,197.32000732421875,198.74000549316406,190.32000732421875,192.5800018310547,126463800
2023-04-05,TSLA,190.52000427246094,190.67999267578125,183.75999450683594,185.52000427246094,133882500
2023-04-06,TSLA,183.0800018310547,186.38999938964844,179.74000549316406,185.05999755859375,123857900
2023-04-10,TSLA,179.94000244140625,185.10000610351562,176.11000061035156,184.50999450683594,142154600
2023-04-11,TSLA,186.69000244140625,189.19000244140625,185.64999389648438,186.7899932861328,115770900
2023-04-12,TSLA,190.74000549316406,191.5800018310547,180.30999755859375,180.5399932861328,150256300
2023-04-13,TSLA,182.9600067138672,186.5,180.94000244140625,185.89999389648438,112933000
2023-04-14,TSLA,183.9499969482422,186.27999877929688,182.00999450683594,185.0,96438700
2023-04-17,TSLA,186.32000732421875,189.69000244140625,182.69000244140625,187.0399932861328,116662200
2023-04-18,TSLA,187.14999389648438,187.69000244140625,183.5800018310547,184.30999755859375,92067000
2023-04-19,TSLA,179.10000610351562,183.5,177.64999389648438,180.58999633789062,125732700
2023-04-20,TSLA,166.1699981689453,169.6999969482422,160.55999755859375,162.99000549316406,210970800
2023-04-21,TSLA,164.8000030517578,166.0,161.32000732421875,165.0800018310547,123539000
2023-04-24,TSLA,164.64999389648438,165.64999389648438,158.61000061035156,162.5500030517578,140006600
2023-04-25,TSLA,159.82000732421875,163.47000122070312,158.75,160.6699981689453,121999300
2023-04-26,TSLA,160.2899932861328,160.6699981689453,153.13999938964844,153.75,153364100
2023-04-27,TSLA,152.63999938964844,160.47999572753906,152.3699951171875,160.19000244140625,127015200
2023-04-28,TSLA,160.89999389648438,165.0,157.32000732421875,164.30999755859375,122515800
2023-05-01,TSLA,163.1699981689453,163.27999877929688,158.8300018310547,161.8300018310547,109015000
2023-05-02,TSLA,161.8800048828125,165.49000549316406,158.92999267578125,160.30999755859375,128259700
2023-05-03,TSLA,160.00999450683594,165.0,159.91000366210938,160.61000061035156,119728000
2023-05-04,TSLA,162.7100067138672,162.9499969482422,159.64999389648438,161.1999969482422,95108500
2023-05-05,TSLA,163.97000122070312,170.7899932861328,163.50999450683594,170.05999755859375,107607300
2023-05-08,TSLA,173.72000122070312,173.8000030517578,169.19000244140625,171.7899932861328,112249400
2023-05-09,TSLA,168.9499969482422,169.82000732421875,166.55999755859375,169.14999389648438,88965000
2023-05-10,TSLA,172.5500030517578,174.42999267578125,166.67999267578125,168.5399932861328,119840700
2023-05-11,TSLA,168.6999969482422,173.57000732421875,166.7899932861328,172.0800018310547,103889900
2023-05-12,TSLA,176.07000732421875,177.3800048828125,167.22999572753906,167.97999572753906,157849600
2023-05-15,TSLA,167.66000366210938,169.75999450683594,164.5500030517578,166.35000610351562,105592500
2023-05-16,TSLA,165.64999389648438,169.52000427246094,164.35000610351562,166.52000427246094,98288800
2023-05-17,TSLA,168.41000366210938,174.5,167.19000244140625,173.86000061035156,125473600
2023-05-18,TSLA,174.22000122070312,177.05999755859375,172.4499969482422,176.88999938964844,109520300
2023-05-19,TSLA,177.1699981689453,181.9499969482422,176.30999755859375,180.13999938964844,136196700
2023-05-22,TSLA,180.6999969482422,189.32000732421875,180.11000061035156,188.8699951171875,132001400
2023-05-23,TSLA,186.1999969482422,192.9600067138672,185.25999450683594,185.77000427246094,156952100
2023-05-24,TSLA,182.22999572753906,184.22000122070312,178.22000122070312,182.89999389648438,137605100
2023-05-25,TSLA,186.5399932861328,186.77999877929688,180.5800018310547,184.47000122070312,96870700
2023-05-26,TSLA,184.6199951171875,198.60000610351562,184.52999877929688,193.1699981689453,162061500
2023-05-30,TSLA,200.10000610351562,204.47999572753906,197.52999877929688,201.16000366210938,128818700
2023-05-31,TSLA,199.77999877929688,203.9499969482422,195.1199951171875,203.92999267578125,150711700
2023-06-01,TSLA,202.58999633789062,209.8000030517578,199.3699951171875,207.52000427246094,148029900
2023-06-02,TSLA,210.14999389648438,217.25,209.75,213.97000122070312,164398400
2023-06-05,TSLA,217.8000030517578,221.2899932861328,214.52000427246094,217.61000061035156,151143100
2023-06-06,TSLA,216.13999938964844,221.91000366210938,212.52999877929688,221.30999755859375,146911600
2023-06-07,TSLA,228.0,230.8300018310547,223.1999969482422,224.57000732421875,185710800
2023-06-08,TSLA,224.22000122070312,235.22999572753906,223.00999450683594,234.86000061035156,164489700
2023-06-09,TSLA,249.07000732421875,252.4199981689453,242.02000427246094,244.39999389648438,200242400
2023-06-12,TSLA,247.94000244140625,250.97000122070312,244.58999633789062,249.8300018310547,150337900
2023-06-13,TSLA,253.50999450683594,259.67999267578125,251.33999633789062,258.7099914550781,162384300
2023-06-14,TSLA,260.1700134277344,261.57000732421875,250.5,256.7900085449219,170575500
2023-06-15,TSLA,248.39999389648438,258.95001220703125,247.2899932861328,255.89999389648438,160171200
2023-06-16,TSLA,258.9200134277344,263.6000061035156,257.2099914550781,260.5400085449219,167915600
2023-06-20,TSLA,261.5,274.75,261.1199951171875,274.45001220703125,165611200
2023-06-21,TSLA,275.1300048828125,276.989990234375,257.7799987792969,259.4599914550781,211797100
2023-06-22,TSLA,250.77000427246094,265.0,248.25,264.6099853515625,166875900
2023-06-23,TSLA,259.2900085449219,262.45001220703125,252.8000030517578,256.6000061035156,177460800
2023-06-26,TSLA,250.07000732421875,258.3699951171875,240.6999969482422,241.0500030517578,179990600
2023-06-27,TSLA,243.24000549316406,250.38999938964844,240.85000610351562,250.2100067138672,164968200
2023-06-28,TSLA,249.6999969482422,259.8800048828125,248.88999938964844,256.239990234375,159770800
2023-06-29,TSLA,258.0299987792969,260.739990234375,253.61000061035156,257.5,131283400
2023-06-30,TSLA,260.6000061035156,264.45001220703125,259.8900146484375,261.7699890136719,112620800
2023-07-03,TSLA,276.489990234375,284.25,275.1099853515625,279.82000732421875,119685900
2023-07-05,TSLA,278.82000732421875,283.8500061035156,277.6000061035156,282.4800109863281,131530900
2023-07-06,TSLA,278.0899963378906,279.9700012207031,272.8800048828125,276.5400085449219,120332100
2023-07-07,TSLA,278.42999267578125,280.7799987792969,273.7699890136719,274.42999267578125,113879200
2023-07-10,TSLA,276.4700012207031,277.5199890136719,265.1000061035156,269.6099853515625,119425400
2023-07-11,TSLA,268.6499938964844,270.8999938964844,266.3699951171875,269.7900085449219,91972400
2023-07-12,TSLA,276.3299865722656,276.5199890136719,271.4599914550781,271.989990234375,95672100
2023-07-13,TSLA,274.5899963378906,279.45001220703125,270.6000061035156,277.8999938964844,112681500
2023-07-14,TSLA,277.010009765625,285.29998779296875,276.30999755859375,281.3800048828125,120062400
2023-07-17,TSLA,286.6300048828125,292.2300109863281,283.57000732421875,290.3800048828125,131569600
2023-07-18,TSLA,290.1499938964844,295.260009765625,286.010009765625,293.3399963378906,112120300
2023-07-19,TSLA,296.0400085449219,299.2900085449219,289.5199890136719,291.260009765625,142355400
2023-07-20,TSLA,279.55999755859375,280.92999267578125,261.20001220703125,262.8999938964844,175158300
2023-07-21,TSLA,268.0,268.0,255.8000030517578,260.0199890136719,161796100
2023-07-24,TSLA,255.85000610351562,269.8500061035156,254.1199951171875,269.05999755859375,136508500
2023-07-25,TSLA,272.3800048828125,272.8999938964844,265.0,265.2799987792969,112757300
2023-07-26,TSLA,263.25,268.0400085449219,261.75,264.3500061035156,95856200
2023-07-27,TSLA,268.30999755859375,269.1300048828125,255.3000030517578,255.7100067138672,103697300
2023-07-28,TSLA,259.8599853515625,267.25,258.2300109863281,266.44000244140625,111446000
2023-07-31,TSLA,267.4800109863281,269.0799865722656,263.7799987792969,267.42999267578125,84582200
2023-08-01,TSLA,266.260009765625,266.4700012207031,260.25,261.07000732421875,83166000
2023-08-02,TSLA,255.57000732421875,259.5199890136719,250.49000549316406,254.11000061035156,101752900
2023-08-03,TSLA,252.0399932861328,260.489990234375,252.0,259.32000732421875,97569100
2023-08-04,TSLA,260.9700012207031,264.7699890136719,253.11000061035156,253.86000061035156,99539900
2023-08-07,TSLA,251.4499969482422,253.64999389648438,242.75999450683594,251.4499969482422,111097900
2023-08-08,TSLA,247.4499969482422,250.9199981689453,245.00999450683594,249.6999969482422,96642200
2023-08-09,TSLA,250.8699951171875,251.10000610351562,241.89999389648438,242.19000244140625,101596300
2023-08-10,TSLA,245.39999389648438,251.8000030517578,243.0,245.33999633789062,109498600
2023-08-11,TSLA,241.77000427246094,243.7899932861328,238.02000427246094,242.64999389648438,99038600
2023-08-14,TSLA,235.6999969482422,240.66000366210938,233.75,239.75999450683594,98595300
2023-08-15,TSLA,238.72999572753906,240.5,232.61000061035156,232.9600067138672,88197600
2023-08-16,TSLA,228.02000427246094,233.97000122070312,225.3800048828125,225.60000610351562,112484500
2023-08-17,TSLA,226.05999755859375,226.74000549316406,218.8300018310547,219.22000122070312,120718400
2023-08-18,TSLA,214.1199951171875,217.5800018310547,212.36000061035156,215.49000549316406,136276600
2023-08-21,TSLA,221.5500030517578,232.1300048828125,220.5800018310547,231.27999877929688,135702700
2023-08-22,TSLA,240.25,240.82000732421875,229.5500030517578,233.19000244140625,130442800
2023-08-23,TSLA,229.33999633789062,238.97999572753906,229.2899932861328,236.86000061035156,101077600
2023-08-24,TSLA,238.66000366210938,238.9199981689453,228.17999267578125,230.0399932861328,99777400
2023-08-25,TSLA,231.30999755859375,239.0,230.35000610351562,238.58999633789062,106612200
2023-08-28,TSLA,242.5800018310547,244.3800048828125,235.35000610351562,238.82000732421875,107673700
2023-08-29,TSLA,238.5800018310547,257.4800109863281,237.77000427246094,257.17999267578125,134047600
2023-08-30,TSLA,254.1999969482422,260.510009765625,250.58999633789062,256.8999938964844,121988400
2023-08-31,TSLA,255.97999572753906,261.17999267578125,255.0500030517578,258.0799865722656,108861700
2023-09-01,TSLA,257.260009765625,259.0799865722656,242.00999450683594,245.00999450683594,132541600
2023-09-05,TSLA,245.0,258.0,244.86000061035156,256.489990234375,129469600
2023-09-06,TSLA,255.13999938964844,255.38999938964844,245.05999755859375,251.9199981689453,116959800
2023-09-07,TSLA,245.07000732421875,252.80999755859375,243.27000427246094,251.49000549316406,115312900
2023-09-08,TSLA,251.22000122070312,256.5199890136719,246.6699981689453,248.5,118367700
2023-09-11,TSLA,264.2699890136719,274.8500061035156,260.6099853515625,273.5799865722656,174667900
2023-09-12,TSLA,270.760009765625,278.3900146484375,266.6000061035156,267.4800109863281,135999900
2023-09-13,TSLA,270.07000732421875,274.9800109863281,268.1000061035156,271.29998779296875,111673700
2023-09-14,TSLA,271.32000732421875,276.7099914550781,270.4200134277344,276.0400085449219,107709800
2023-09-15,TSLA,277.54998779296875,278.9800109863281,271.0,274.3900146484375,133692300
2023-09-18,TSLA,271.1600036621094,271.44000244140625,263.760009765625,265.2799987792969,101543300
2023-09-19,TSLA,264.3500061035156,267.8500061035156,261.20001220703125,266.5,103704000
2023-09-20,TSLA,267.0400085449219,273.92999267578125,262.4599914550781,262.5899963378906,122514600
2023-09-21,TSLA,257.8500061035156,260.8599853515625,254.2100067138672,255.6999969482422,119951500
2023-09-22,TSLA,257.3999938964844,257.7900085449219,244.47999572753906,244.8800048828125,127524100
2023-09-25,TSLA,243.3800048828125,247.10000610351562,238.30999755859375,246.99000549316406,104636600
2023-09-26,TSLA,242.97999572753906,249.5500030517578,241.66000366210938,244.1199951171875,101993600
2023-09-27,TSLA,244.25999450683594,245.3300018310547,234.5800018310547,240.5,136597200
2023-09-28,TSLA,240.02000427246094,247.5500030517578,238.64999389648438,246.3800048828125,117058900
2023-09-29,TSLA,250.0,254.77000427246094,246.35000610351562,250.22000122070312,128522700
2023-10-02,TSLA,244.80999755859375,254.27999877929688,242.6199951171875,251.60000610351562,123810400
2023-10-03,TSLA,248.61000061035156,250.02000427246094,244.4499969482422,246.52999877929688,101985300
2023-10-04,TSLA,248.13999938964844,261.8599853515625,247.60000610351562,261.1600036621094,129721600
2023-10-05,TSLA,260.0,263.6000061035156,256.25,260.04998779296875,119159200
2023-10-06,TSLA,253.97999572753906,261.6499938964844,250.64999389648438,260.5299987792969,118121800
2023-10-09,TSLA,255.30999755859375,261.3599853515625,252.0500030517578,259.6700134277344,101377900
2023-10-10,TSLA,257.75,268.94000244140625,257.6499938964844,263.6199951171875,122656000
2023-10-11,TSLA,266.20001220703125,268.6000061035156,260.8999938964844,262.989990234375,103706300
2023-10-12,TSLA,262.9200134277344,265.4100036621094,256.6300048828125,258.8699951171875,111508100
2023-10-13,TSLA,258.8999938964844,259.6000061035156,250.22000122070312,251.1199951171875,102073800
2023-10-16,TSLA,250.0500030517578,255.39999389648438,248.47999572753906,253.9199981689453,88917200
2023-10-17,TSLA,250.10000610351562,257.17999267578125,247.0800018310547,254.85000610351562,93562900
2023-10-18,TSLA,252.6999969482422,254.6300048828125,242.0800018310547,242.67999267578125,125147800
2023-10-19,TSLA,225.9499969482422,230.61000061035156,216.77999877929688,220.11000061035156,170772700
2023-10-20,TSLA,217.00999450683594,218.86000061035156,210.4199981689453,211.99000549316406,138010100
2023-10-23,TSLA,210.0,216.97999572753906,202.50999450683594,212.0800018310547,150683400
2023-10-24,TSLA,216.5,222.0500030517578,214.11000061035156,216.52000427246094,118231100
2023-10-25,TSLA,215.8800048828125,220.10000610351562,212.1999969482422,212.4199981689453,107065100
2023-10-26,TSLA,211.32000732421875,214.8000030517578,204.8800048828125,205.75999450683594,115112600
2023-10-27,TSLA,210.60000610351562,212.41000366210938,205.77000427246094,207.3000030517578,94881200
2023-10-30,TSLA,209.27999877929688,210.8800048828125,194.6699981689453,197.36000061035156,136448200
2023-10-31,TSLA,196.1199951171875,202.8000030517578,194.07000732421875,200.83999633789062,118068300
2023-11-01,TSLA,204.0399932861328,205.99000549316406,197.85000610351562,205.66000366210938,121661700
2023-11-02,TSLA,212.97000122070312,219.1999969482422,211.4499969482422,218.50999450683594,125987600
2023-11-03,TSLA,221.14999389648438,226.3699951171875,218.39999389648438,219.9600067138672,119534800
2023-11-06,TSLA,223.97999572753906,226.32000732421875,215.0,219.27000427246094,117335800
2023-11-07,TSLA,219.97999572753906,223.1199951171875,215.72000122070312,222.17999267578125,116900100
2023-11-08,TSLA,223.14999389648438,224.14999389648438,217.63999938964844,222.11000061035156,106584800
2023-11-09,TSLA,219.75,220.8000030517578,206.67999267578125,209.97999572753906,142110500
2023-11-10,TSLA,210.02999877929688,215.3800048828125,205.69000244140625,214.64999389648438,130994000
2023-11-13,TSLA,215.60000610351562,225.39999389648438,211.61000061035156,223.7100067138672,140447600
2023-11-14,TSLA,235.02999877929688,238.13999938964844,230.72000122070312,237.41000366210938,149771600
2023-11-15,TSLA,239.2899932861328,246.6999969482422,236.4499969482422,242.83999633789062,150354000
2023-11-16,TSLA,239.49000549316406,240.8800048828125,230.9600067138672,233.58999633789062,136816800
2023-11-17,TSLA,232.0,237.38999938964844,226.5399932861328,234.3000030517578,142532800
2023-11-20,TSLA,234.0399932861328,237.10000610351562,231.02000427246094,235.60000610351562,116320100
2023-11-21,TSLA,235.0399932861328,243.6199951171875,233.33999633789062,241.1999969482422,122288000
2023-11-22,TSLA,242.0399932861328,244.00999450683594,231.39999389648438,234.2100067138672,117950600
2023-11-24,TSLA,233.75,238.75,232.3300018310547,235.4499969482422,65125200
2023-11-27,TSLA,236.88999938964844,238.3300018310547,232.10000610351562,236.0800018310547,112031800
2023-11-28,TSLA,236.67999267578125,247.0,234.00999450683594,246.72000122070312,148549900
2023-11-29,TSLA,249.2100067138672,252.75,242.75999450683594,244.13999938964844,135401300
2023-11-30,TSLA,245.13999938964844,245.22000122070312,236.91000366210938,240.0800018310547,132353200
2023-12-01,TSLA,233.13999938964844,240.19000244140625,231.89999389648438,238.8300018310547,121331700
2023-12-04,TSLA,235.75,239.3699951171875,233.2899932861328,235.5800018310547,104099800
2023-12-05,TSLA,233.8699951171875,246.66000366210938,233.6999969482422,238.72000122070312,137971100
2023-12-06,TSLA,242.9199981689453,246.57000732421875,239.1699981689453,239.3699951171875,126436200
2023-12-07,TSLA,241.5500030517578,244.0800018310547,236.97999572753906,242.63999938964844,107142300
2023-12-08,TSLA,240.27000427246094,245.27000427246094,239.27000427246094,243.83999633789062,103126800
2023-12-11,TSLA,242.74000549316406,243.44000244140625,237.4499969482422,239.74000549316406,97913900
2023-12-12,TSLA,238.5500030517578,238.99000549316406,233.8699951171875,237.00999450683594,95328300
2023-12-13,TSLA,234.19000244140625,240.3000030517578,228.1999969482422,239.2899932861328,146286300
2023-12-14,TSLA,241.22000122070312,253.8800048828125,240.7899932861328,251.0500030517578,160829200
2023-12-15,TSLA,251.2100067138672,254.1300048828125,248.3000030517578,253.5,135932800
2023-12-18,TSLA,253.77999877929688,258.739990234375,251.36000061035156,252.0800018310547,116416500
2023-12-19,TSLA,253.47999572753906,258.3399963378906,253.00999450683594,257.2200012207031,106737400
2023-12-20,TSLA,256.4100036621094,259.8399963378906,247.0,247.13999938964844,125097000
2023-12-21,TSLA,251.89999389648438,254.8000030517578,248.5500030517578,254.5,109594200
2023-12-22,TSLA,256.760009765625,258.2200012207031,251.3699951171875,252.5399932861328,93370100
2023-12-26,TSLA,254.49000549316406,257.9700012207031,252.91000366210938,256.6099853515625,86892400
2023-12-27,TSLA,258.3500061035156,263.3399963378906,257.5199890136719,261.44000244140625,106494400
2023-12-28,TSLA,263.6600036621094,265.1300048828125,252.7100067138672,253.17999267578125,113619900
2023-12-29,TSLA,255.10000610351562,255.19000244140625,247.42999267578125,248.47999572753906,100891600
